influencer_id,platform,date,url,caption,reach,likes,comments
21,YouTube,2024-06-16,http://youtube.com/post/183473,Consistency + Right Nutrition = Results! @healthkart #HealthyLiving #Supplements,2511,162,8
33,Instagram,2024-06-05,http://instagram.com/post/967129,Recovery is key! Thanks @healthkart for the best supplements ğŸ™ #Recovery #Health,14945,1084,23
81,YouTube,2024-07-13,http://youtube.com/post/887858,HK Vitals keeping me healthy and strong! ğŸŒŸ #HKVitals #Wellness,1432,135,8
94,Twitter,2024-05-29,http://twitter.com/post/282005,Fueling my workouts with the best nutrition from @healthkart ğŸ”¥ #Nutrition #Fitness,16994,1244,76
78,Instagram,2024-10-10,http://instagram.com/post/568314,MuscleBlaze protein helping me achieve my goals! ğŸ’¯ #MuscleBlaze #ProteinPower,4857,356,17
80,YouTube,2024-05-02,http://youtube.com/post/269479,Fueling my workouts with the best nutrition from @healthkart ğŸ”¥ #Nutrition #Fitness,28653,996,32
51,YouTube,2024-05-12,http://youtube.com/post/186024,Pre-workout game strong with @healthkart supplements! âš¡ #PreWorkout #Energy,2363,196,13
37,Instagram,2024-03-21,http://instagram.com/post/619224,HK Vitals keeping me healthy and strong! ğŸŒŸ #HKVitals #Wellness,146048,3040,73
87,YouTube,2024-03-28,http://youtube.com/post/400385,Recovery is key! Thanks @healthkart for the best supplements ğŸ™ #Recovery #Health,38188,1938,151
9,Instagram,2024-05-21,http://instagram.com/post/339477,Consistency + Right Nutrition = Results! @healthkart #HealthyLiving #Supplements,13012,692,46
49,Instagram,2024-09-08,http://instagram.com/post/699734,Fueling my workouts with the best nutrition from @healthkart ğŸ”¥ #Nutrition #Fitness,31080,956,29
66,Instagram,2024-01-17,http://instagram.com/post/905292,HK Vitals keeping me healthy and strong! ğŸŒŸ #HKVitals #Wellness,19635,1955,43
53,YouTube,2024-07-22,http://youtube.com/post/422072,Recovery is key! Thanks @healthkart for the best supplements ğŸ™ #Recovery #Health,10394,1080,52
52,Instagram,2024-10-01,http://instagram.com/post/929011,HK Vitals keeping me healthy and strong! ğŸŒŸ #HKVitals #Wellness,20195,860,47
6,Facebook,2024-05-24,http://facebook.com/post/419201,HK Vitals keeping me healthy and strong! ğŸŒŸ #HKVitals #Wellness,7013,739,53
74,Instagram,2024-10-27,http://instagram.com/post/563614,Building muscle the right way with quality supplements! ğŸ’ª #Bodybuilding #HealthKart,19351,1647,58
81,YouTube,2024-08-06,http://youtube.com/post/847289,HK Vitals keeping me healthy and strong! ğŸŒŸ #HKVitals #Wellness,3084,148,4
40,Instagram,2024-11-01,http://instagram.com/post/652952,Transform your fitness journey with @healthkart supplements! ğŸ’ª #FitnessGoals #HealthKart,171469,2641,182
86,Instagram,2024-12-21,http://instagram.com/post/640785,Recovery is key! Thanks @healthkart for the best supplements ğŸ™ #Recovery #Health,15430,486,38
100,YouTube,2024-03-19,http://youtube.com/post/231027,Consistency + Right Nutrition = Results! @healthkart #HealthyLiving #Supplements,4988,478,38
43,Instagram,2024-05-25,http://instagram.com/post/548180,Pre-workout game strong with @healthkart supplements! âš¡ #PreWorkout #Energy,5705,240,10
26,Instagram,2024-09-22,http://instagram.com/post/348815,Building muscle the right way with quality supplements! ğŸ’ª #Bodybuilding #HealthKart,6404,628,41
11,Instagram,2024-09-08,http://instagram.com/post/508631,MuscleBlaze protein helping me achieve my goals! ğŸ’¯ #MuscleBlaze #ProteinPower,4783,423,30
88,Twitter,2024-07-04,http://twitter.com/post/750981,Consistency + Right Nutrition = Results! @healthkart #HealthyLiving #Supplements,18157,870,52
90,YouTube,2024-10-30,http://youtube.com/post/356659,Building muscle the right way with quality supplements! ğŸ’ª #Bodybuilding #HealthKart,6021,461,15
45,Twitter,2024-09-23,http://twitter.com/post/160729,HK Vitals keeping me healthy and strong! ğŸŒŸ #HKVitals #Wellness,11537,358,26
81,YouTube,2024-03-30,http://youtube.com/post/566845,HK Vitals keeping me healthy and strong! ğŸŒŸ #HKVitals #Wellness,3031,320,17
55,Instagram,2024-09-19,http://instagram.com/post/991637,Recovery is key! Thanks @healthkart for the best supplements ğŸ™ #Recovery #Health,50903,1479,45
50,Twitter,2024-08-09,http://twitter.com/post/161371,MuscleBlaze protein helping me achieve my goals! ğŸ’¯ #MuscleBlaze #ProteinPower,3333,332,8
28,Twitter,2024-07-03,http://twitter.com/post/403319,MuscleBlaze protein helping me achieve my goals! ğŸ’¯ #MuscleBlaze #ProteinPower,33257,1690,61
93,Twitter,2024-08-11,http://twitter.com/post/905305,Transform your fitness journey with @healthkart supplements! ğŸ’ª #FitnessGoals #HealthKart,5857,275,18
73,YouTube,2024-04-07,http://youtube.com/post/708767,MuscleBlaze protein helping me achieve my goals! ğŸ’¯ #MuscleBlaze #ProteinPower,98108,5831,463
97,YouTube,2024-02-14,http://youtube.com/post/362298,Pre-workout game strong with @healthkart supplements! âš¡ #PreWorkout #Energy,32062,1777,50
49,Instagram,2024-10-29,http://instagram.com/post/775886,HK Vitals keeping me healthy and strong! ğŸŒŸ #HKVitals #Wellness,62178,3054,108
71,Instagram,2024-07-06,http://instagram.com/post/701212,Pre-workout game strong with @healthkart supplements! âš¡ #PreWorkout #Energy,7845,795,22
24,Instagram,2024-04-15,http://instagram.com/post/904632,HK Vitals keeping me healthy and strong! ğŸŒŸ #HKVitals #Wellness,29176,1852,95
74,Instagram,2024-04-16,http://instagram.com/post/546290,Pre-workout game strong with @healthkart supplements! âš¡ #PreWorkout #Energy,9789,679,46
27,Instagram,2024-03-24,http://instagram.com/post/392052,Transform your fitness journey with @healthkart supplements! ğŸ’ª #FitnessGoals #HealthKart,7148,531,14
20,Facebook,2024-01-08,http://facebook.com/post/702076,HK Vitals keeping me healthy and strong! ğŸŒŸ #HKVitals #Wellness,8356,375,20
40,Instagram,2024-12-12,http://instagram.com/post/342715,Building muscle the right way with quality supplements! ğŸ’ª #Bodybuilding #HealthKart,182216,2523,147
63,Instagram,2024-08-29,http://instagram.com/post/516542,Fueling my workouts with the best nutrition from @healthkart ğŸ”¥ #Nutrition #Fitness,7003,573,26
33,Instagram,2024-07-20,http://instagram.com/post/560471,Transform your fitness journey with @healthkart supplements! ğŸ’ª #FitnessGoals #HealthKart,26370,2349,52
25,Instagram,2024-09-02,http://instagram.com/post/288647,Building muscle the right way with quality supplements! ğŸ’ª #Bodybuilding #HealthKart,7472,302,13
7,YouTube,2024-11-11,http://youtube.com/post/554988,Recovery is key! Thanks @healthkart for the best supplements ğŸ™ #Recovery #Health,23705,1325,78
13,Instagram,2024-05-06,http://instagram.com/post/607597,Recovery is key! Thanks @healthkart for the best supplements ğŸ™ #Recovery #Health,3266,263,5
76,Instagram,2024-07-30,http://instagram.com/post/489637,MuscleBlaze protein helping me achieve my goals! ğŸ’¯ #MuscleBlaze #ProteinPower,25389,963,75
64,Facebook,2024-06-01,http://facebook.com/post/470000,Fueling my workouts with the best nutrition from @healthkart ğŸ”¥ #Nutrition #Fitness,1705,142,4
77,Twitter,2024-01-10,http://twitter.com/post/204948,Consistency + Right Nutrition = Results! @healthkart #HealthyLiving #Supplements,2329,218,13
72,Instagram,2024-10-10,http://instagram.com/post/802844,Fueling my workouts with the best nutrition from @healthkart ğŸ”¥ #Nutrition #Fitness,11551,953,72
22,Instagram,2024-12-15,http://instagram.com/post/631734,Fueling my workouts with the best nutrition from @healthkart ğŸ”¥ #Nutrition #Fitness,96890,3507,253
70,Instagram,2024-11-21,http://instagram.com/post/374345,Building muscle the right way with quality supplements! ğŸ’ª #Bodybuilding #HealthKart,19665,1206,58
98,Instagram,2024-07-28,http://instagram.com/post/440160,Consistency + Right Nutrition = Results! @healthkart #HealthyLiving #Supplements,7006,389,14
14,Twitter,2024-02-15,http://twitter.com/post/744373,MuscleBlaze protein helping me achieve my goals! ğŸ’¯ #MuscleBlaze #ProteinPower,57497,2610,54
96,Instagram,2024-09-18,http://instagram.com/post/610147,HK Vitals keeping me healthy and strong! ğŸŒŸ #HKVitals #Wellness,12773,1243,94
74,Instagram,2024-08-31,http://instagram.com/post/993056,Recovery is key! Thanks @healthkart for the best supplements ğŸ™ #Recovery #Health,7135,623,42
61,Instagram,2024-06-07,http://instagram.com/post/381859,Fueling my workouts with the best nutrition from @healthkart ğŸ”¥ #Nutrition #Fitness,12292,535,11
24,Instagram,2024-03-30,http://instagram.com/post/142973,Consistency + Right Nutrition = Results! @healthkart #HealthyLiving #Supplements,33143,1470,75
60,Twitter,2024-03-02,http://twitter.com/post/728253,Building muscle the right way with quality supplements! ğŸ’ª #Bodybuilding #HealthKart,4728,291,5
93,Twitter,2024-01-28,http://twitter.com/post/473202,Building muscle the right way with quality supplements! ğŸ’ª #Bodybuilding #HealthKart,3079,117,8
32,Twitter,2024-11-27,http://twitter.com/post/668766,Consistency + Right Nutrition = Results! @healthkart #HealthyLiving #Supplements,6409,284,19
7,YouTube,2024-09-25,http://youtube.com/post/383817,Transform your fitness journey with @healthkart supplements! ğŸ’ª #FitnessGoals #HealthKart,8501,265,13
94,Twitter,2024-08-07,http://twitter.com/post/671898,MuscleBlaze protein helping me achieve my goals! ğŸ’¯ #MuscleBlaze #ProteinPower,13738,661,16
3,Instagram,2024-04-11,http://instagram.com/post/556726,Pre-workout game strong with @healthkart supplements! âš¡ #PreWorkout #Energy,99265,3550,133
56,Instagram,2024-07-15,http://instagram.com/post/684124,HK Vitals keeping me healthy and strong! ğŸŒŸ #HKVitals #Wellness,4796,207,8
11,Instagram,2024-02-17,http://instagram.com/post/463443,Transform your fitness journey with @healthkart supplements! ğŸ’ª #FitnessGoals #HealthKart,21361,1085,58
95,Facebook,2024-09-01,http://facebook.com/post/514634,Pre-workout game strong with @healthkart supplements! âš¡ #PreWorkout #Energy,17290,965,55
42,YouTube,2024-10-01,http://youtube.com/post/527860,MuscleBlaze protein helping me achieve my goals! ğŸ’¯ #MuscleBlaze #ProteinPower,7219,398,28
82,Instagram,2024-07-22,http://instagram.com/post/820398,Pre-workout game strong with @healthkart supplements! âš¡ #PreWorkout #Energy,23858,942,65
73,YouTube,2024-09-24,http://youtube.com/post/385052,Fueling my workouts with the best nutrition from @healthkart ğŸ”¥ #Nutrition #Fitness,25081,1546,44
24,Instagram,2024-10-29,http://instagram.com/post/517906,Transform your fitness journey with @healthkart supplements! ğŸ’ª #FitnessGoals #HealthKart,48765,1611,33
94,Twitter,2024-09-05,http://twitter.com/post/265396,HK Vitals keeping me healthy and strong! ğŸŒŸ #HKVitals #Wellness,15052,1368,47
19,Instagram,2024-09-01,http://instagram.com/post/254007,Fueling my workouts with the best nutrition from @healthkart ğŸ”¥ #Nutrition #Fitness,10344,839,20
4,Twitter,2024-02-07,http://twitter.com/post/757901,Building muscle the right way with quality supplements! ğŸ’ª #Bodybuilding #HealthKart,13956,369,15
37,Instagram,2024-06-14,http://instagram.com/post/320078,Recovery is key! Thanks @healthkart for the best supplements ğŸ™ #Recovery #Health,521819,14247,610
37,Instagram,2024-05-05,http://instagram.com/post/941745,Building muscle the right way with quality supplements! ğŸ’ª #Bodybuilding #HealthKart,443918,16636,1054
10,Instagram,2024-11-03,http://instagram.com/post/102657,Transform your fitness journey with @healthkart supplements! ğŸ’ª #FitnessGoals #HealthKart,1283,147,5
12,Instagram,2024-03-02,http://instagram.com/post/176463,HK Vitals keeping me healthy and strong! ğŸŒŸ #HKVitals #Wellness,8307,491,11
31,Twitter,2024-03-21,http://twitter.com/post/220645,Building muscle the right way with quality supplements! ğŸ’ª #Bodybuilding #HealthKart,20092,584,46
3,Instagram,2024-08-11,http://instagram.com/post/916508,HK Vitals keeping me healthy and strong! ğŸŒŸ #HKVitals #Wellness,72314,2148,122
47,Instagram,2024-10-06,http://instagram.com/post/209520,Building muscle the right way with quality supplements! ğŸ’ª #Bodybuilding #HealthKart,13267,1368,72
41,Instagram,2024-03-15,http://instagram.com/post/571241,MuscleBlaze protein helping me achieve my goals! ğŸ’¯ #MuscleBlaze #ProteinPower,30296,921,50
82,Instagram,2024-08-26,http://instagram.com/post/981151,Fueling my workouts with the best nutrition from @healthkart ğŸ”¥ #Nutrition #Fitness,11254,1240,68
48,Instagram,2024-02-27,http://instagram.com/post/484677,Fueling my workouts with the best nutrition from @healthkart ğŸ”¥ #Nutrition #Fitness,9986,876,30
32,Twitter,2024-08-27,http://twitter.com/post/168961,Consistency + Right Nutrition = Results! @healthkart #HealthyLiving #Supplements,28165,1609,40
30,Instagram,2024-07-10,http://instagram.com/post/276233,Consistency + Right Nutrition = Results! @healthkart #HealthyLiving #Supplements,22537,754,20
51,YouTube,2024-02-18,http://youtube.com/post/893948,MuscleBlaze protein helping me achieve my goals! ğŸ’¯ #MuscleBlaze #ProteinPower,4011,270,6
41,Instagram,2024-11-04,http://instagram.com/post/738509,MuscleBlaze protein helping me achieve my goals! ğŸ’¯ #MuscleBlaze #ProteinPower,16815,950,54
64,Facebook,2024-03-26,http://facebook.com/post/963455,Transform your fitness journey with @healthkart supplements! ğŸ’ª #FitnessGoals #HealthKart,1397,112,2
11,Instagram,2024-05-22,http://instagram.com/post/844674,MuscleBlaze protein helping me achieve my goals! ğŸ’¯ #MuscleBlaze #ProteinPower,26631,1775,70
30,Instagram,2024-07-05,http://instagram.com/post/860473,Consistency + Right Nutrition = Results! @healthkart #HealthyLiving #Supplements,53386,2685,57
25,Instagram,2024-04-06,http://instagram.com/post/909924,Transform your fitness journey with @healthkart supplements! ğŸ’ª #FitnessGoals #HealthKart,11007,559,29
60,Twitter,2024-02-01,http://twitter.com/post/767169,Recovery is key! Thanks @healthkart for the best supplements ğŸ™ #Recovery #Health,22816,2041,92
27,Instagram,2024-09-23,http://instagram.com/post/457578,Consistency + Right Nutrition = Results! @healthkart #HealthyLiving #Supplements,1816,133,8
70,Instagram,2024-11-29,http://instagram.com/post/880144,Fueling my workouts with the best nutrition from @healthkart ğŸ”¥ #Nutrition #Fitness,22004,1428,92
34,YouTube,2024-10-12,http://youtube.com/post/871819,MuscleBlaze protein helping me achieve my goals! ğŸ’¯ #MuscleBlaze #ProteinPower,2886,255,13
86,Instagram,2024-03-13,http://instagram.com/post/581910,Building muscle the right way with quality supplements! ğŸ’ª #Bodybuilding #HealthKart,16165,710,40
44,Instagram,2024-04-28,http://instagram.com/post/344561,Transform your fitness journey with @healthkart supplements! ğŸ’ª #FitnessGoals #HealthKart,15600,1320,86
34,YouTube,2024-07-27,http://youtube.com/post/231211,Transform your fitness journey with @healthkart supplements! ğŸ’ª #FitnessGoals #HealthKart,3568,395,30
61,Instagram,2024-11-08,http://instagram.com/post/798224,Recovery is key! Thanks @healthkart for the best supplements ğŸ™ #Recovery #Health,8269,701,55
61,Instagram,2024-06-02,http://instagram.com/post/666774,Building muscle the right way with quality supplements! ğŸ’ª #Bodybuilding #HealthKart,9006,575,43
13,Instagram,2024-11-28,http://instagram.com/post/743329,Fueling my workouts with the best nutrition from @healthkart ğŸ”¥ #Nutrition #Fitness,4160,234,17
25,Instagram,2024-02-04,http://instagram.com/post/154307,Transform your fitness journey with @healthkart supplements! ğŸ’ª #FitnessGoals #HealthKart,13581,1130,29
98,Instagram,2024-09-23,http://instagram.com/post/992302,Consistency + Right Nutrition = Results! @healthkart #HealthyLiving #Supplements,5409,491,25
79,Twitter,2024-10-02,http://twitter.com/post/774551,Consistency + Right Nutrition = Results! @healthkart #HealthyLiving #Supplements,24757,1128,46
54,Instagram,2024-06-26,http://instagram.com/post/216264,Pre-workout game strong with @healthkart supplements! âš¡ #PreWorkout #Energy,63313,2532,202
87,YouTube,2024-02-09,http://youtube.com/post/521898,Consistency + Right Nutrition = Results! @healthkart #HealthyLiving #Supplements,66181,2743,162
47,Instagram,2024-06-18,http://instagram.com/post/302522,Pre-workout game strong with @healthkart supplements! âš¡ #PreWorkout #Energy,6911,313,18
78,Instagram,2024-08-04,http://instagram.com/post/698341,Recovery is key! Thanks @healthkart for the best supplements ğŸ™ #Recovery #Health,7007,645,35
24,Instagram,2024-08-15,http://instagram.com/post/524635,Consistency + Right Nutrition = Results! @healthkart #HealthyLiving #Supplements,44170,2702,129
77,Twitter,2024-04-16,http://twitter.com/post/287894,Recovery is key! Thanks @healthkart for the best supplements ğŸ™ #Recovery #Health,4483,202,12
56,Instagram,2024-02-08,http://instagram.com/post/277131,HK Vitals keeping me healthy and strong! ğŸŒŸ #HKVitals #Wellness,3049,198,6
94,Twitter,2024-07-08,http://twitter.com/post/155936,Building muscle the right way with quality supplements! ğŸ’ª #Bodybuilding #HealthKart,8043,630,27
21,YouTube,2024-12-14,http://youtube.com/post/355841,Consistency + Right Nutrition = Results! @healthkart #HealthyLiving #Supplements,4787,397,24
5,Twitter,2024-12-20,http://twitter.com/post/365381,Building muscle the right way with quality supplements! ğŸ’ª #Bodybuilding #HealthKart,9112,576,30
6,Facebook,2024-03-15,http://facebook.com/post/791551,Consistency + Right Nutrition = Results! @healthkart #HealthyLiving #Supplements,2506,266,8
7,YouTube,2024-12-18,http://youtube.com/post/667229,HK Vitals keeping me healthy and strong! ğŸŒŸ #HKVitals #Wellness,11479,527,41
11,Instagram,2024-11-15,http://instagram.com/post/288028,Transform your fitness journey with @healthkart supplements! ğŸ’ª #FitnessGoals #HealthKart,8080,570,11
17,Instagram,2024-02-05,http://instagram.com/post/581731,Transform your fitness journey with @healthkart supplements! ğŸ’ª #FitnessGoals #HealthKart,66569,2832,196
22,Instagram,2024-11-03,http://instagram.com/post/281955,Building muscle the right way with quality supplements! ğŸ’ª #Bodybuilding #HealthKart,327492,14608,1073
38,Twitter,2024-11-23,http://twitter.com/post/915967,Fueling my workouts with the best nutrition from @healthkart ğŸ”¥ #Nutrition #Fitness,7493,356,13
41,Instagram,2024-07-29,http://instagram.com/post/291948,Building muscle the right way with quality supplements! ğŸ’ª #Bodybuilding #HealthKart,23876,783,52
6,Facebook,2024-07-14,http://facebook.com/post/397978,Recovery is key! Thanks @healthkart for the best supplements ğŸ™ #Recovery #Health,4286,201,8
97,YouTube,2024-10-12,http://youtube.com/post/392992,Building muscle the right way with quality supplements! ğŸ’ª #Bodybuilding #HealthKart,102756,3463,253
8,Twitter,2024-05-30,http://twitter.com/post/159171,Fueling my workouts with the best nutrition from @healthkart ğŸ”¥ #Nutrition #Fitness,19318,888,25
100,YouTube,2024-02-24,http://youtube.com/post/596762,Transform your fitness journey with @healthkart supplements! ğŸ’ª #FitnessGoals #HealthKart,3366,320,17
36,Twitter,2024-04-21,http://twitter.com/post/462535,Recovery is key! Thanks @healthkart for the best supplements ğŸ™ #Recovery #Health,4604,209,8
32,Twitter,2024-02-09,http://twitter.com/post/496086,Fueling my workouts with the best nutrition from @healthkart ğŸ”¥ #Nutrition #Fitness,23682,1609,100
88,Twitter,2024-03-27,http://twitter.com/post/108947,Recovery is key! Thanks @healthkart for the best supplements ğŸ™ #Recovery #Health,36983,2206,51
15,Facebook,2024-04-01,http://facebook.com/post/351769,Pre-workout game strong with @healthkart supplements! âš¡ #PreWorkout #Energy,10361,914,25
73,YouTube,2024-10-05,http://youtube.com/post/848127,Building muscle the right way with quality supplements! ğŸ’ª #Bodybuilding #HealthKart,65794,3756,105
64,Facebook,2024-02-29,http://facebook.com/post/876596,Consistency + Right Nutrition = Results! @healthkart #HealthyLiving #Supplements,5183,359,13
80,YouTube,2024-08-24,http://youtube.com/post/360610,Fueling my workouts with the best nutrition from @healthkart ğŸ”¥ #Nutrition #Fitness,31096,1318,74
85,YouTube,2024-01-12,http://youtube.com/post/656874,HK Vitals keeping me healthy and strong! ğŸŒŸ #HKVitals #Wellness,32336,1616,57
8,Twitter,2024-04-21,http://twitter.com/post/188201,Pre-workout game strong with @healthkart supplements! âš¡ #PreWorkout #Energy,5722,336,10
53,YouTube,2024-08-14,http://youtube.com/post/310851,Consistency + Right Nutrition = Results! @healthkart #HealthyLiving #Supplements,6530,385,25
21,YouTube,2024-08-26,http://youtube.com/post/962358,Fueling my workouts with the best nutrition from @healthkart ğŸ”¥ #Nutrition #Fitness,3846,208,5
27,Instagram,2024-01-27,http://instagram.com/post/599801,Fueling my workouts with the best nutrition from @healthkart ğŸ”¥ #Nutrition #Fitness,9493,933,68
41,Instagram,2024-06-30,http://instagram.com/post/111981,Recovery is key! Thanks @healthkart for the best supplements ğŸ™ #Recovery #Health,49378,1489,117
6,Facebook,2024-08-29,http://facebook.com/post/299458,Consistency + Right Nutrition = Results! @healthkart #HealthyLiving #Supplements,7556,705,19
92,Instagram,2024-09-28,http://instagram.com/post/521976,Consistency + Right Nutrition = Results! @healthkart #HealthyLiving #Supplements,10552,773,53
32,Twitter,2024-04-05,http://twitter.com/post/955092,Pre-workout game strong with @healthkart supplements! âš¡ #PreWorkout #Energy,31932,1708,54
32,Twitter,2024-09-21,http://twitter.com/post/150253,Consistency + Right Nutrition = Results! @healthkart #HealthyLiving #Supplements,28826,1696,134
15,Facebook,2024-09-24,http://facebook.com/post/323008,MuscleBlaze protein helping me achieve my goals! ğŸ’¯ #MuscleBlaze #ProteinPower,13297,1042,62
26,Instagram,2024-09-09,http://instagram.com/post/204601,Recovery is key! Thanks @healthkart for the best supplements ğŸ™ #Recovery #Health,4170,420,20
24,Instagram,2024-07-23,http://instagram.com/post/749415,Building muscle the right way with quality supplements! ğŸ’ª #Bodybuilding #HealthKart,40974,1730,102
15,Facebook,2024-08-28,http://facebook.com/post/226809,HK Vitals keeping me healthy and strong! ğŸŒŸ #HKVitals #Wellness,6409,310,13
44,Instagram,2024-12-04,http://instagram.com/post/556305,Recovery is key! Thanks @healthkart for the best supplements ğŸ™ #Recovery #Health,6435,512,19
39,Instagram,2024-10-03,http://instagram.com/post/322480,Recovery is key! Thanks @healthkart for the best supplements ğŸ™ #Recovery #Health,10115,866,64
93,Twitter,2024-12-05,http://twitter.com/post/262223,Recovery is key! Thanks @healthkart for the best supplements ğŸ™ #Recovery #Health,1575,113,5
23,YouTube,2024-06-13,http://youtube.com/post/940737,Transform your fitness journey with @healthkart supplements! ğŸ’ª #FitnessGoals #HealthKart,1316,114,7
80,YouTube,2024-04-19,http://youtube.com/post/723748,Pre-workout game strong with @healthkart supplements! âš¡ #PreWorkout #Energy,19448,879,67
62,Instagram,2024-07-10,http://instagram.com/post/649853,Transform your fitness journey with @healthkart supplements! ğŸ’ª #FitnessGoals #HealthKart,42643,1060,73
18,YouTube,2024-01-14,http://youtube.com/post/641294,Pre-workout game strong with @healthkart supplements! âš¡ #PreWorkout #Energy,2261,175,6
61,Instagram,2024-01-03,http://instagram.com/post/679202,Recovery is key! Thanks @healthkart for the best supplements ğŸ™ #Recovery #Health,4463,272,9
58,YouTube,2024-07-20,http://youtube.com/post/825112,Building muscle the right way with quality supplements! ğŸ’ª #Bodybuilding #HealthKart,2571,140,5
29,YouTube,2024-03-21,http://youtube.com/post/877592,Transform your fitness journey with @healthkart supplements! ğŸ’ª #FitnessGoals #HealthKart,9088,469,25
21,YouTube,2024-11-19,http://youtube.com/post/158756,Pre-workout game strong with @healthkart supplements! âš¡ #PreWorkout #Energy,2709,247,11
79,Twitter,2024-04-16,http://twitter.com/post/427660,MuscleBlaze protein helping me achieve my goals! ğŸ’¯ #MuscleBlaze #ProteinPower,35754,2216,85
17,Instagram,2024-11-05,http://instagram.com/post/850778,Fueling my workouts with the best nutrition from @healthkart ğŸ”¥ #Nutrition #Fitness,48717,2457,185
74,Instagram,2024-06-17,http://instagram.com/post/170319,Fueling my workouts with the best nutrition from @healthkart ğŸ”¥ #Nutrition #Fitness,17900,1266,91
4,Twitter,2024-03-12,http://twitter.com/post/856990,Building muscle the right way with quality supplements! ğŸ’ª #Bodybuilding #HealthKart,16639,956,75
11,Instagram,2024-08-21,http://instagram.com/post/824805,HK Vitals keeping me healthy and strong! ğŸŒŸ #HKVitals #Wellness,9084,930,25
69,YouTube,2024-04-24,http://youtube.com/post/329138,HK Vitals keeping me healthy and strong! ğŸŒŸ #HKVitals #Wellness,3987,341,17
47,Instagram,2024-11-19,http://instagram.com/post/546293,MuscleBlaze protein helping me achieve my goals! ğŸ’¯ #MuscleBlaze #ProteinPower,5511,403,13
25,Instagram,2024-06-03,http://instagram.com/post/845737,Recovery is key! Thanks @healthkart for the best supplements ğŸ™ #Recovery #Health,10574,487,38
26,Instagram,2024-11-14,http://instagram.com/post/161543,HK Vitals keeping me healthy and strong! ğŸŒŸ #HKVitals #Wellness,5118,247,14
27,Instagram,2024-10-22,http://instagram.com/post/396618,MuscleBlaze protein helping me achieve my goals! ğŸ’¯ #MuscleBlaze #ProteinPower,6130,227,13
42,YouTube,2024-02-19,http://youtube.com/post/610570,Building muscle the right way with quality supplements! ğŸ’ª #Bodybuilding #HealthKart,3682,204,13
55,Instagram,2024-05-17,http://instagram.com/post/461053,Recovery is key! Thanks @healthkart for the best supplements ğŸ™ #Recovery #Health,71369,2310,179
19,Instagram,2024-10-17,http://instagram.com/post/337755,Recovery is key! Thanks @healthkart for the best supplements ğŸ™ #Recovery #Health,9497,535,40
4,Twitter,2024-01-29,http://twitter.com/post/836236,Building muscle the right way with quality supplements! ğŸ’ª #Bodybuilding #HealthKart,9991,275,19
11,Instagram,2024-10-15,http://instagram.com/post/952883,Consistency + Right Nutrition = Results! @healthkart #HealthyLiving #Supplements,5427,387,18
13,Instagram,2024-09-26,http://instagram.com/post/575455,MuscleBlaze protein helping me achieve my goals! ğŸ’¯ #MuscleBlaze #ProteinPower,5310,394,26
83,YouTube,2024-07-13,http://youtube.com/post/391921,Consistency + Right Nutrition = Results! @healthkart #HealthyLiving #Supplements,4953,326,20
30,Instagram,2024-03-21,http://instagram.com/post/796984,Transform your fitness journey with @healthkart supplements! ğŸ’ª #FitnessGoals #HealthKart,93922,4496,99
63,Instagram,2024-05-01,http://instagram.com/post/369843,Consistency + Right Nutrition = Results! @healthkart #HealthyLiving #Supplements,14924,1127,23
57,Facebook,2024-07-20,http://facebook.com/post/942632,Transform your fitness journey with @healthkart supplements! ğŸ’ª #FitnessGoals #HealthKart,20311,607,37
53,YouTube,2024-08-23,http://youtube.com/post/847480,Recovery is key! Thanks @healthkart for the best supplements ğŸ™ #Recovery #Health,4961,298,11
48,Instagram,2024-03-16,http://instagram.com/post/989118,Transform your fitness journey with @healthkart supplements! ğŸ’ª #FitnessGoals #HealthKart,7057,687,40
81,YouTube,2024-09-28,http://youtube.com/post/814510,Fueling my workouts with the best nutrition from @healthkart ğŸ”¥ #Nutrition #Fitness,1679,83,5
79,Twitter,2024-08-12,http://twitter.com/post/451686,HK Vitals keeping me healthy and strong! ğŸŒŸ #HKVitals #Wellness,26915,1042,52
37,Instagram,2024-06-22,http://instagram.com/post/405031,Building muscle the right way with quality supplements! ğŸ’ª #Bodybuilding #HealthKart,498206,10931,481
7,YouTube,2024-10-28,http://youtube.com/post/241068,Building muscle the right way with quality supplements! ğŸ’ª #Bodybuilding #HealthKart,34268,2577,59
100,YouTube,2024-04-15,http://youtube.com/post/988678,MuscleBlaze protein helping me achieve my goals! ğŸ’¯ #MuscleBlaze #ProteinPower,10222,1099,45
19,Instagram,2024-04-25,http://instagram.com/post/699141,MuscleBlaze protein helping me achieve my goals! ğŸ’¯ #MuscleBlaze #ProteinPower,4983,407,30
77,Twitter,2024-10-17,http://twitter.com/post/694519,Fueling my workouts with the best nutrition from @healthkart ğŸ”¥ #Nutrition #Fitness,3043,207,11
40,Instagram,2024-08-22,http://instagram.com/post/233198,Recovery is key! Thanks @healthkart for the best supplements ğŸ™ #Recovery #Health,67911,2423,121
63,Instagram,2024-02-09,http://instagram.com/post/573424,MuscleBlaze protein helping me achieve my goals! ğŸ’¯ #MuscleBlaze #ProteinPower,11782,894,38
58,YouTube,2024-12-01,http://youtube.com/post/884202,Pre-workout game strong with @healthkart supplements! âš¡ #PreWorkout #Energy,2378,197,8
43,Instagram,2024-09-18,http://instagram.com/post/303695,HK Vitals keeping me healthy and strong! ğŸŒŸ #HKVitals #Wellness,1052,106,5
70,Instagram,2024-07-17,http://instagram.com/post/994839,MuscleBlaze protein helping me achieve my goals! ğŸ’¯ #MuscleBlaze #ProteinPower,14743,1161,70
41,Instagram,2024-11-28,http://instagram.com/post/725624,HK Vitals keeping me healthy and strong! ğŸŒŸ #HKVitals #Wellness,39235,2606,186
3,Instagram,2024-11-01,http://instagram.com/post/403520,HK Vitals keeping me healthy and strong! ğŸŒŸ #HKVitals #Wellness,76505,4252,323
11,Instagram,2024-07-09,http://instagram.com/post/220419,Building muscle the right way with quality supplements! ğŸ’ª #Bodybuilding #HealthKart,8556,426,23
16,Instagram,2024-05-29,http://instagram.com/post/942004,Consistency + Right Nutrition = Results! @healthkart #HealthyLiving #Supplements,14339,1131,54
51,YouTube,2024-04-02,http://youtube.com/post/314971,HK Vitals keeping me healthy and strong! ğŸŒŸ #HKVitals #Wellness,4721,274,9
76,Instagram,2024-01-28,http://instagram.com/post/118273,Transform your fitness journey with @healthkart supplements! ğŸ’ª #FitnessGoals #HealthKart,7062,253,10
13,Instagram,2024-02-04,http://instagram.com/post/138401,Building muscle the right way with quality supplements! ğŸ’ª #Bodybuilding #HealthKart,8066,546,25
85,YouTube,2024-06-25,http://youtube.com/post/205997,MuscleBlaze protein helping me achieve my goals! ğŸ’¯ #MuscleBlaze #ProteinPower,17502,1007,27
22,Instagram,2024-11-18,http://instagram.com/post/218204,Fueling my workouts with the best nutrition from @healthkart ğŸ”¥ #Nutrition #Fitness,269960,7109,297
13,Instagram,2024-06-13,http://instagram.com/post/817709,Transform your fitness journey with @healthkart supplements! ğŸ’ª #FitnessGoals #HealthKart,3289,306,23
31,Twitter,2024-09-13,http://twitter.com/post/961061,MuscleBlaze protein helping me achieve my goals! ğŸ’¯ #MuscleBlaze #ProteinPower,41936,2081,98
98,Instagram,2024-04-27,http://instagram.com/post/114567,Pre-workout game strong with @healthkart supplements! âš¡ #PreWorkout #Energy,7840,640,40
21,YouTube,2024-07-21,http://youtube.com/post/466306,Transform your fitness journey with @healthkart supplements! ğŸ’ª #FitnessGoals #HealthKart,4244,205,10
88,Twitter,2024-11-01,http://twitter.com/post/312683,Transform your fitness journey with @healthkart supplements! ğŸ’ª #FitnessGoals #HealthKart,12140,575,43
11,Instagram,2024-02-10,http://instagram.com/post/723600,Consistency + Right Nutrition = Results! @healthkart #HealthyLiving #Supplements,5855,542,37
32,Twitter,2024-08-06,http://twitter.com/post/109447,Pre-workout game strong with @healthkart supplements! âš¡ #PreWorkout #Energy,21351,929,53
62,Instagram,2024-11-30,http://instagram.com/post/104789,Building muscle the right way with quality supplements! ğŸ’ª #Bodybuilding #HealthKart,25591,1327,33
46,Instagram,2024-09-19,http://instagram.com/post/623818,Transform your fitness journey with @healthkart supplements! ğŸ’ª #FitnessGoals #HealthKart,12206,893,34
84,Instagram,2024-04-14,http://instagram.com/post/949884,HK Vitals keeping me healthy and strong! ğŸŒŸ #HKVitals #Wellness,216151,7315,322
55,Instagram,2024-02-23,http://instagram.com/post/775127,Fueling my workouts with the best nutrition from @healthkart ğŸ”¥ #Nutrition #Fitness,69686,2233,130
62,Instagram,2024-01-06,http://instagram.com/post/908460,Consistency + Right Nutrition = Results! @healthkart #HealthyLiving #Supplements,42690,1625,93
68,Instagram,2024-06-23,http://instagram.com/post/409379,Fueling my workouts with the best nutrition from @healthkart ğŸ”¥ #Nutrition #Fitness,15046,1727,85
19,Instagram,2024-07-21,http://instagram.com/post/950001,HK Vitals keeping me healthy and strong! ğŸŒŸ #HKVitals #Wellness,10652,723,47
1,Instagram,2024-10-25,http://instagram.com/post/277761,Recovery is key! Thanks @healthkart for the best supplements ğŸ™ #Recovery #Health,4562,360,14
19,Instagram,2024-01-28,http://instagram.com/post/606268,Consistency + Right Nutrition = Results! @healthkart #HealthyLiving #Supplements,8659,800,24
4,Twitter,2024-08-03,http://twitter.com/post/997624,Transform your fitness journey with @healthkart supplements! ğŸ’ª #FitnessGoals #HealthKart,37046,1104,45
27,Instagram,2024-01-14,http://instagram.com/post/381072,Building muscle the right way with quality supplements! ğŸ’ª #Bodybuilding #HealthKart,7928,428,20
100,YouTube,2024-01-22,http://youtube.com/post/117577,HK Vitals keeping me healthy and strong! ğŸŒŸ #HKVitals #Wellness,12432,1160,92
31,Twitter,2024-12-11,http://twitter.com/post/583149,Building muscle the right way with quality supplements! ğŸ’ª #Bodybuilding #HealthKart,27366,650,24
63,Instagram,2024-03-18,http://instagram.com/post/183507,Pre-workout game strong with @healthkart supplements! âš¡ #PreWorkout #Energy,24072,2066,132
90,YouTube,2024-08-15,http://youtube.com/post/110069,HK Vitals keeping me healthy and strong! ğŸŒŸ #HKVitals #Wellness,2684,164,5
33,Instagram,2024-12-10,http://instagram.com/post/779355,Fueling my workouts with the best nutrition from @healthkart ğŸ”¥ #Nutrition #Fitness,18502,1994,53
26,Instagram,2024-02-03,http://instagram.com/post/366764,Transform your fitness journey with @healthkart supplements! ğŸ’ª #FitnessGoals #HealthKart,5368,285,20
53,YouTube,2024-09-23,http://youtube.com/post/409416,HK Vitals keeping me healthy and strong! ğŸŒŸ #HKVitals #Wellness,2230,146,7
11,Instagram,2024-08-07,http://instagram.com/post/792729,Consistency + Right Nutrition = Results! @healthkart #HealthyLiving #Supplements,15535,571,24
42,YouTube,2024-01-01,http://youtube.com/post/495610,Building muscle the right way with quality supplements! ğŸ’ª #Bodybuilding #HealthKart,5790,443,14
77,Twitter,2024-06-19,http://twitter.com/post/867311,HK Vitals keeping me healthy and strong! ğŸŒŸ #HKVitals #Wellness,2490,193,12
85,YouTube,2024-10-31,http://youtube.com/post/165560,Fueling my workouts with the best nutrition from @healthkart ğŸ”¥ #Nutrition #Fitness,13837,427,12
81,YouTube,2024-11-23,http://youtube.com/post/564321,MuscleBlaze protein helping me achieve my goals! ğŸ’¯ #MuscleBlaze #ProteinPower,2250,202,9
61,Instagram,2024-07-26,http://instagram.com/post/578221,HK Vitals keeping me healthy and strong! ğŸŒŸ #HKVitals #Wellness,3599,165,12
20,Facebook,2024-06-25,http://facebook.com/post/116503,Building muscle the right way with quality supplements! ğŸ’ª #Bodybuilding #HealthKart,11942,354,20
74,Instagram,2024-08-26,http://instagram.com/post/477752,Building muscle the right way with quality supplements! ğŸ’ª #Bodybuilding #HealthKart,13692,1295,95
35,YouTube,2024-08-08,http://youtube.com/post/767784,Transform your fitness journey with @healthkart supplements! ğŸ’ª #FitnessGoals #HealthKart,3348,285,16
18,YouTube,2024-06-20,http://youtube.com/post/667049,Transform your fitness journey with @healthkart supplements! ğŸ’ª #FitnessGoals #HealthKart,2359,170,12
100,YouTube,2024-07-13,http://youtube.com/post/351654,Recovery is key! Thanks @healthkart for the best supplements ğŸ™ #Recovery #Health,5475,210,5
30,Instagram,2024-06-20,http://instagram.com/post/123157,Pre-workout game strong with @healthkart supplements! âš¡ #PreWorkout #Energy,77403,3889,213
12,Instagram,2024-01-29,http://instagram.com/post/462603,Recovery is key! Thanks @healthkart for the best supplements ğŸ™ #Recovery #Health,7653,379,29
39,Instagram,2024-04-05,http://instagram.com/post/665603,MuscleBlaze protein helping me achieve my goals! ğŸ’¯ #MuscleBlaze #ProteinPower,23121,1842,140
9,Instagram,2024-11-09,http://instagram.com/post/265018,Pre-workout game strong with @healthkart supplements! âš¡ #PreWorkout #Energy,13658,955,40
80,YouTube,2024-07-09,http://youtube.com/post/604264,Transform your fitness journey with @healthkart supplements! ğŸ’ª #FitnessGoals #HealthKart,37638,2108,129
76,Instagram,2024-02-25,http://instagram.com/post/787397,Building muscle the right way with quality supplements! ğŸ’ª #Bodybuilding #HealthKart,32087,946,63
70,Instagram,2024-08-05,http://instagram.com/post/167474,Recovery is key! Thanks @healthkart for the best supplements ğŸ™ #Recovery #Health,15592,878,33
72,Instagram,2024-08-15,http://instagram.com/post/871741,MuscleBlaze protein helping me achieve my goals! ğŸ’¯ #MuscleBlaze #ProteinPower,13793,1059,73
51,YouTube,2024-12-13,http://youtube.com/post/393966,MuscleBlaze protein helping me achieve my goals! ğŸ’¯ #MuscleBlaze #ProteinPower,1366,107,3
60,Twitter,2024-03-02,http://twitter.com/post/282563,MuscleBlaze protein helping me achieve my goals! ğŸ’¯ #MuscleBlaze #ProteinPower,11602,905,18
11,Instagram,2024-12-14,http://instagram.com/post/455918,Fueling my workouts with the best nutrition from @healthkart ğŸ”¥ #Nutrition #Fitness,20030,1447,81
59,Instagram,2024-06-01,http://instagram.com/post/926290,HK Vitals keeping me healthy and strong! ğŸŒŸ #HKVitals #Wellness,8452,512,20
4,Twitter,2024-02-19,http://twitter.com/post/781369,Consistency + Right Nutrition = Results! @healthkart #HealthyLiving #Supplements,38878,1296,95
76,Instagram,2024-12-25,http://instagram.com/post/275130,HK Vitals keeping me healthy and strong! ğŸŒŸ #HKVitals #Wellness,29238,1680,53
51,YouTube,2024-11-24,http://youtube.com/post/647339,Recovery is key! Thanks @healthkart for the best supplements ğŸ™ #Recovery #Health,2215,163,8
10,Instagram,2024-09-15,http://instagram.com/post/176283,Fueling my workouts with the best nutrition from @healthkart ğŸ”¥ #Nutrition #Fitness,1472,126,4
75,Instagram,2024-06-27,http://instagram.com/post/301972,Recovery is key! Thanks @healthkart for the best supplements ğŸ™ #Recovery #Health,4157,265,5
66,Instagram,2024-06-03,http://instagram.com/post/150269,Consistency + Right Nutrition = Results! @healthkart #HealthyLiving #Supplements,19830,1300,84
36,Twitter,2024-08-28,http://twitter.com/post/590884,Pre-workout game strong with @healthkart supplements! âš¡ #PreWorkout #Energy,4931,350,8
34,YouTube,2024-05-03,http://youtube.com/post/965108,Fueling my workouts with the best nutrition from @healthkart ğŸ”¥ #Nutrition #Fitness,2749,282,15
68,Instagram,2024-04-14,http://instagram.com/post/756027,Transform your fitness journey with @healthkart supplements! ğŸ’ª #FitnessGoals #HealthKart,18220,1193,31
34,YouTube,2024-04-19,http://youtube.com/post/939229,Transform your fitness journey with @healthkart supplements! ğŸ’ª #FitnessGoals #HealthKart,1501,127,6
52,Instagram,2024-11-29,http://instagram.com/post/235139,MuscleBlaze protein helping me achieve my goals! ğŸ’¯ #MuscleBlaze #ProteinPower,16991,1416,40
2,Instagram,2024-07-02,http://instagram.com/post/569248,Fueling my workouts with the best nutrition from @healthkart ğŸ”¥ #Nutrition #Fitness,384484,14034,618
36,Twitter,2024-08-19,http://twitter.com/post/573197,Fueling my workouts with the best nutrition from @healthkart ğŸ”¥ #Nutrition #Fitness,8547,770,50
26,Instagram,2024-01-23,http://instagram.com/post/887874,Transform your fitness journey with @healthkart supplements! ğŸ’ª #FitnessGoals #HealthKart,9869,821,33
81,YouTube,2024-02-09,http://youtube.com/post/158403,Pre-workout game strong with @healthkart supplements! âš¡ #PreWorkout #Energy,2731,279,22
45,Twitter,2024-01-17,http://twitter.com/post/501644,HK Vitals keeping me healthy and strong! ğŸŒŸ #HKVitals #Wellness,23972,671,31
50,Twitter,2024-08-10,http://twitter.com/post/583769,MuscleBlaze protein helping me achieve my goals! ğŸ’¯ #MuscleBlaze #ProteinPower,2780,156,3
11,Instagram,2024-09-06,http://instagram.com/post/249632,Pre-workout game strong with @healthkart supplements! âš¡ #PreWorkout #Energy,18001,1054,69
3,Instagram,2024-08-02,http://instagram.com/post/277245,Transform your fitness journey with @healthkart supplements! ğŸ’ª #FitnessGoals #HealthKart,84551,2908,81
53,YouTube,2024-04-11,http://youtube.com/post/446925,Consistency + Right Nutrition = Results! @healthkart #HealthyLiving #Supplements,3224,237,13
43,Instagram,2024-06-26,http://instagram.com/post/574700,Building muscle the right way with quality supplements! ğŸ’ª #Bodybuilding #HealthKart,5866,637,18
20,Facebook,2024-05-20,http://facebook.com/post/136584,Recovery is key! Thanks @healthkart for the best supplements ğŸ™ #Recovery #Health,11393,425,14
16,Instagram,2024-04-15,http://instagram.com/post/416581,Fueling my workouts with the best nutrition from @healthkart ğŸ”¥ #Nutrition #Fitness,4996,390,29
76,Instagram,2024-01-13,http://instagram.com/post/236480,Pre-workout game strong with @healthkart supplements! âš¡ #PreWorkout #Energy,14561,917,41
95,Facebook,2024-09-06,http://facebook.com/post/977293,Transform your fitness journey with @healthkart supplements! ğŸ’ª #FitnessGoals #HealthKart,9307,275,18
100,YouTube,2024-10-31,http://youtube.com/post/382921,Fueling my workouts with the best nutrition from @healthkart ğŸ”¥ #Nutrition #Fitness,7831,503,17
12,Instagram,2024-08-21,http://instagram.com/post/744031,Pre-workout game strong with @healthkart supplements! âš¡ #PreWorkout #Energy,6963,370,18
49,Instagram,2024-07-15,http://instagram.com/post/603300,Building muscle the right way with quality supplements! ğŸ’ª #Bodybuilding #HealthKart,27892,1379,56
9,Instagram,2024-09-09,http://instagram.com/post/501395,Fueling my workouts with the best nutrition from @healthkart ğŸ”¥ #Nutrition #Fitness,18314,1267,42
46,Instagram,2024-02-10,http://instagram.com/post/609865,Building muscle the right way with quality supplements! ğŸ’ª #Bodybuilding #HealthKart,2859,198,11
79,Twitter,2024-04-16,http://twitter.com/post/132791,Building muscle the right way with quality supplements! ğŸ’ª #Bodybuilding #HealthKart,15370,577,36
42,YouTube,2024-12-20,http://youtube.com/post/831599,Fueling my workouts with the best nutrition from @healthkart ğŸ”¥ #Nutrition #Fitness,6950,474,34
20,Facebook,2024-05-16,http://facebook.com/post/355866,Fueling my workouts with the best nutrition from @healthkart ğŸ”¥ #Nutrition #Fitness,36491,1267,47
3,Instagram,2024-08-03,http://instagram.com/post/752130,Pre-workout game strong with @healthkart supplements! âš¡ #PreWorkout #Energy,71255,3955,85
90,YouTube,2024-12-25,http://youtube.com/post/898105,Consistency + Right Nutrition = Results! @healthkart #HealthyLiving #Supplements,8995,760,29
91,Instagram,2024-04-29,http://instagram.com/post/560748,Recovery is key! Thanks @healthkart for the best supplements ğŸ™ #Recovery #Health,116704,2892,114
100,YouTube,2024-06-22,http://youtube.com/post/143425,Recovery is key! Thanks @healthkart for the best supplements ğŸ™ #Recovery #Health,6231,404,19
74,Instagram,2024-09-16,http://instagram.com/post/522542,Pre-workout game strong with @healthkart supplements! âš¡ #PreWorkout #Energy,19195,1037,41
51,YouTube,2024-12-29,http://youtube.com/post/454293,MuscleBlaze protein helping me achieve my goals! ğŸ’¯ #MuscleBlaze #ProteinPower,3166,230,10
99,YouTube,2024-10-07,http://youtube.com/post/730853,HK Vitals keeping me healthy and strong! ğŸŒŸ #HKVitals #Wellness,203848,3528,89
75,Instagram,2024-05-23,http://instagram.com/post/805409,Building muscle the right way with quality supplements! ğŸ’ª #Bodybuilding #HealthKart,10554,837,52
51,YouTube,2024-05-30,http://youtube.com/post/949596,Building muscle the right way with quality supplements! ğŸ’ª #Bodybuilding #HealthKart,1951,108,8
88,Twitter,2024-09-26,http://twitter.com/post/339574,Transform your fitness journey with @healthkart supplements! ğŸ’ª #FitnessGoals #HealthKart,24716,1490,113
17,Instagram,2024-05-06,http://instagram.com/post/774517,MuscleBlaze protein helping me achieve my goals! ğŸ’¯ #MuscleBlaze #ProteinPower,15345,991,26
18,YouTube,2024-07-13,http://youtube.com/post/890715,Fueling my workouts with the best nutrition from @healthkart ğŸ”¥ #Nutrition #Fitness,5625,464,12
12,Instagram,2024-07-11,http://instagram.com/post/182428,HK Vitals keeping me healthy and strong! ğŸŒŸ #HKVitals #Wellness,4805,464,30
15,Facebook,2024-01-08,http://facebook.com/post/148486,Building muscle the right way with quality supplements! ğŸ’ª #Bodybuilding #HealthKart,6065,618,33
44,Instagram,2024-05-11,http://instagram.com/post/431775,HK Vitals keeping me healthy and strong! ğŸŒŸ #HKVitals #Wellness,24759,2500,165
55,Instagram,2024-04-29,http://instagram.com/post/656201,Fueling my workouts with the best nutrition from @healthkart ğŸ”¥ #Nutrition #Fitness,70913,3211,171
23,YouTube,2024-07-14,http://youtube.com/post/911505,MuscleBlaze protein helping me achieve my goals! ğŸ’¯ #MuscleBlaze #ProteinPower,6676,731,33
26,Instagram,2024-05-26,http://instagram.com/post/261533,HK Vitals keeping me healthy and strong! ğŸŒŸ #HKVitals #Wellness,9012,541,38
42,YouTube,2024-06-30,http://youtube.com/post/344477,MuscleBlaze protein helping me achieve my goals! ğŸ’¯ #MuscleBlaze #ProteinPower,7095,680,31
12,Instagram,2024-01-03,http://instagram.com/post/234407,HK Vitals keeping me healthy and strong! ğŸŒŸ #HKVitals #Wellness,8680,653,34
52,Instagram,2024-01-01,http://instagram.com/post/846839,MuscleBlaze protein helping me achieve my goals! ğŸ’¯ #MuscleBlaze #ProteinPower,14803,910,61
60,Twitter,2024-06-15,http://twitter.com/post/276755,Pre-workout game strong with @healthkart supplements! âš¡ #PreWorkout #Energy,12628,1114,33
61,Instagram,2024-08-28,http://instagram.com/post/688233,Fueling my workouts with the best nutrition from @healthkart ğŸ”¥ #Nutrition #Fitness,11390,931,40
6,Facebook,2024-08-31,http://facebook.com/post/564810,Pre-workout game strong with @healthkart supplements! âš¡ #PreWorkout #Energy,11012,923,28
40,Instagram,2024-07-04,http://instagram.com/post/476123,Transform your fitness journey with @healthkart supplements! ğŸ’ª #FitnessGoals #HealthKart,175655,6454,487
22,Instagram,2024-05-15,http://instagram.com/post/296710,HK Vitals keeping me healthy and strong! ğŸŒŸ #HKVitals #Wellness,217530,6668,343
32,Twitter,2024-04-15,http://twitter.com/post/378085,Consistency + Right Nutrition = Results! @healthkart #HealthyLiving #Supplements,26183,1398,84
68,Instagram,2024-10-20,http://instagram.com/post/988906,Pre-workout game strong with @healthkart supplements! âš¡ #PreWorkout #Energy,12698,651,18
68,Instagram,2024-02-15,http://instagram.com/post/147514,HK Vitals keeping me healthy and strong! ğŸŒŸ #HKVitals #Wellness,15341,863,35
11,Instagram,2024-12-09,http://instagram.com/post/535806,Building muscle the right way with quality supplements! ğŸ’ª #Bodybuilding #HealthKart,14226,1233,26
5,Twitter,2024-07-23,http://twitter.com/post/638376,Building muscle the right way with quality supplements! ğŸ’ª #Bodybuilding #HealthKart,9017,376,14
1,Instagram,2024-08-18,http://instagram.com/post/157256,Pre-workout game strong with @healthkart supplements! âš¡ #PreWorkout #Energy,2857,290,6
53,YouTube,2024-09-28,http://youtube.com/post/118398,MuscleBlaze protein helping me achieve my goals! ğŸ’¯ #MuscleBlaze #ProteinPower,2519,195,11
22,Instagram,2024-04-26,http://instagram.com/post/103032,HK Vitals keeping me healthy and strong! ğŸŒŸ #HKVitals #Wellness,161309,3255,67
92,Instagram,2024-10-24,http://instagram.com/post/974604,HK Vitals keeping me healthy and strong! ğŸŒŸ #HKVitals #Wellness,5259,323,18
62,Instagram,2024-02-23,http://instagram.com/post/327965,Transform your fitness journey with @healthkart supplements! ğŸ’ª #FitnessGoals #HealthKart,33129,1868,39
90,YouTube,2024-07-16,http://youtube.com/post/754989,Consistency + Right Nutrition = Results! @healthkart #HealthyLiving #Supplements,5619,362,8
54,Instagram,2024-07-12,http://instagram.com/post/691065,Pre-workout game strong with @healthkart supplements! âš¡ #PreWorkout #Energy,25510,1208,44
25,Instagram,2024-08-14,http://instagram.com/post/804488,HK Vitals keeping me healthy and strong! ğŸŒŸ #HKVitals #Wellness,16064,1230,28
45,Twitter,2024-02-02,http://twitter.com/post/923246,MuscleBlaze protein helping me achieve my goals! ğŸ’¯ #MuscleBlaze #ProteinPower,23352,867,41
90,YouTube,2024-10-01,http://youtube.com/post/488151,Transform your fitness journey with @healthkart supplements! ğŸ’ª #FitnessGoals #HealthKart,4454,187,8
63,Instagram,2024-08-16,http://instagram.com/post/334978,HK Vitals keeping me healthy and strong! ğŸŒŸ #HKVitals #Wellness,11159,863,33
36,Twitter,2024-01-22,http://twitter.com/post/243430,MuscleBlaze protein helping me achieve my goals! ğŸ’¯ #MuscleBlaze #ProteinPower,2841,228,14
33,Instagram,2024-12-22,http://instagram.com/post/328839,Consistency + Right Nutrition = Results! @healthkart #HealthyLiving #Supplements,9513,741,58
38,Twitter,2024-04-03,http://twitter.com/post/890307,Building muscle the right way with quality supplements! ğŸ’ª #Bodybuilding #HealthKart,4635,531,31
25,Instagram,2024-06-22,http://instagram.com/post/775345,Fueling my workouts with the best nutrition from @healthkart ğŸ”¥ #Nutrition #Fitness,28079,1596,36
69,YouTube,2024-11-27,http://youtube.com/post/522494,Pre-workout game strong with @healthkart supplements! âš¡ #PreWorkout #Energy,7342,502,19
44,Instagram,2024-03-09,http://instagram.com/post/139284,MuscleBlaze protein helping me achieve my goals! ğŸ’¯ #MuscleBlaze #ProteinPower,26660,1905,141
41,Instagram,2024-03-28,http://instagram.com/post/777033,Fueling my workouts with the best nutrition from @healthkart ğŸ”¥ #Nutrition #Fitness,20788,1220,83
8,Twitter,2024-01-13,http://twitter.com/post/253925,Pre-workout game strong with @healthkart supplements! âš¡ #PreWorkout #Energy,14484,892,33
84,Instagram,2024-03-02,http://instagram.com/post/858221,Building muscle the right way with quality supplements! ğŸ’ª #Bodybuilding #HealthKart,70231,1425,69
65,Instagram,2024-04-09,http://instagram.com/post/322114,HK Vitals keeping me healthy and strong! ğŸŒŸ #HKVitals #Wellness,9984,1051,68
85,YouTube,2024-06-30,http://youtube.com/post/712184,Pre-workout game strong with @healthkart supplements! âš¡ #PreWorkout #Energy,15753,453,34
86,Instagram,2024-09-25,http://instagram.com/post/299987,Consistency + Right Nutrition = Results! @healthkart #HealthyLiving #Supplements,54716,1806,130
65,Instagram,2024-01-03,http://instagram.com/post/147176,Consistency + Right Nutrition = Results! @healthkart #HealthyLiving #Supplements,11277,711,55
62,Instagram,2024-04-02,http://instagram.com/post/620205,Building muscle the right way with quality supplements! ğŸ’ª #Bodybuilding #HealthKart,37360,1731,82
90,YouTube,2024-01-15,http://youtube.com/post/461818,Building muscle the right way with quality supplements! ğŸ’ª #Bodybuilding #HealthKart,6471,536,29
9,Instagram,2024-09-29,http://instagram.com/post/331236,Consistency + Right Nutrition = Results! @healthkart #HealthyLiving #Supplements,9572,683,34
4,Twitter,2024-09-15,http://twitter.com/post/691121,HK Vitals keeping me healthy and strong! ğŸŒŸ #HKVitals #Wellness,23431,1024,81
26,Instagram,2024-08-07,http://instagram.com/post/307704,Fueling my workouts with the best nutrition from @healthkart ğŸ”¥ #Nutrition #Fitness,8905,1001,35
88,Twitter,2024-07-03,http://twitter.com/post/570580,Fueling my workouts with the best nutrition from @healthkart ğŸ”¥ #Nutrition #Fitness,22206,1096,77
9,Instagram,2024-06-12,http://instagram.com/post/466395,MuscleBlaze protein helping me achieve my goals! ğŸ’¯ #MuscleBlaze #ProteinPower,12791,1249,87
98,Instagram,2024-05-21,http://instagram.com/post/616600,Recovery is key! Thanks @healthkart for the best supplements ğŸ™ #Recovery #Health,2426,155,11
84,Instagram,2024-07-10,http://instagram.com/post/890305,Recovery is key! Thanks @healthkart for the best supplements ğŸ™ #Recovery #Health,293086,8715,551
24,Instagram,2024-04-23,http://instagram.com/post/650123,Pre-workout game strong with @healthkart supplements! âš¡ #PreWorkout #Energy,47480,1883,65
34,YouTube,2024-10-05,http://youtube.com/post/729994,Building muscle the right way with quality supplements! ğŸ’ª #Bodybuilding #HealthKart,2184,147,9
1,Instagram,2024-01-12,http://instagram.com/post/337995,HK Vitals keeping me healthy and strong! ğŸŒŸ #HKVitals #Wellness,5308,262,18
73,YouTube,2024-07-20,http://youtube.com/post/496131,Building muscle the right way with quality supplements! ğŸ’ª #Bodybuilding #HealthKart,100406,2715,127
92,Instagram,2024-06-19,http://instagram.com/post/411650,Fueling my workouts with the best nutrition from @healthkart ğŸ”¥ #Nutrition #Fitness,12544,1006,60
19,Instagram,2024-11-18,http://instagram.com/post/496216,Fueling my workouts with the best nutrition from @healthkart ğŸ”¥ #Nutrition #Fitness,5880,408,29
69,YouTube,2024-02-01,http://youtube.com/post/540222,Recovery is key! Thanks @healthkart for the best supplements ğŸ™ #Recovery #Health,6893,485,27
81,YouTube,2024-09-22,http://youtube.com/post/462448,Building muscle the right way with quality supplements! ğŸ’ª #Bodybuilding #HealthKart,625,34,1
72,Instagram,2024-07-04,http://instagram.com/post/838735,Recovery is key! Thanks @healthkart for the best supplements ğŸ™ #Recovery #Health,5014,460,18
80,YouTube,2024-10-08,http://youtube.com/post/323148,HK Vitals keeping me healthy and strong! ğŸŒŸ #HKVitals #Wellness,25285,1874,76
14,Twitter,2024-08-05,http://twitter.com/post/836678,Fueling my workouts with the best nutrition from @healthkart ğŸ”¥ #Nutrition #Fitness,40448,1461,87
2,Instagram,2024-01-05,http://instagram.com/post/360833,MuscleBlaze protein helping me achieve my goals! ğŸ’¯ #MuscleBlaze #ProteinPower,309016,3290,117
56,Instagram,2024-02-23,http://instagram.com/post/640452,Building muscle the right way with quality supplements! ğŸ’ª #Bodybuilding #HealthKart,6085,460,17
14,Twitter,2024-07-26,http://twitter.com/post/209196,Pre-workout game strong with @healthkart supplements! âš¡ #PreWorkout #Energy,44938,2524,57
86,Instagram,2024-01-01,http://instagram.com/post/182023,MuscleBlaze protein helping me achieve my goals! ğŸ’¯ #MuscleBlaze #ProteinPower,24809,610,47
93,Twitter,2024-01-29,http://twitter.com/post/770680,Fueling my workouts with the best nutrition from @healthkart ğŸ”¥ #Nutrition #Fitness,2389,107,7
65,Instagram,2024-02-18,http://instagram.com/post/178501,Pre-workout game strong with @healthkart supplements! âš¡ #PreWorkout #Energy,15400,1599,64
15,Facebook,2024-10-12,http://facebook.com/post/868471,HK Vitals keeping me healthy and strong! ğŸŒŸ #HKVitals #Wellness,11581,667,30
72,Instagram,2024-03-05,http://instagram.com/post/242980,HK Vitals keeping me healthy and strong! ğŸŒŸ #HKVitals #Wellness,21256,1565,65
73,YouTube,2024-07-05,http://youtube.com/post/491614,Pre-workout game strong with @healthkart supplements! âš¡ #PreWorkout #Energy,65071,2902,93
57,Facebook,2024-07-04,http://facebook.com/post/848846,Fueling my workouts with the best nutrition from @healthkart ğŸ”¥ #Nutrition #Fitness,19456,785,27
15,Facebook,2024-04-28,http://facebook.com/post/892434,Pre-workout game strong with @healthkart supplements! âš¡ #PreWorkout #Energy,3358,263,10
71,Instagram,2024-06-16,http://instagram.com/post/395666,Consistency + Right Nutrition = Results! @healthkart #HealthyLiving #Supplements,5066,402,10
15,Facebook,2024-07-07,http://facebook.com/post/490077,Transform your fitness journey with @healthkart supplements! ğŸ’ª #FitnessGoals #HealthKart,11222,682,21
78,Instagram,2024-07-30,http://instagram.com/post/470149,Pre-workout game strong with @healthkart supplements! âš¡ #PreWorkout #Energy,12688,1139,56
58,YouTube,2024-01-21,http://youtube.com/post/725962,Pre-workout game strong with @healthkart supplements! âš¡ #PreWorkout #Energy,3062,248,12
91,Instagram,2024-06-27,http://instagram.com/post/201867,Recovery is key! Thanks @healthkart for the best supplements ğŸ™ #Recovery #Health,413093,5870,332
88,Twitter,2024-05-05,http://twitter.com/post/640834,Transform your fitness journey with @healthkart supplements! ğŸ’ª #FitnessGoals #HealthKart,23246,929,70
83,YouTube,2024-12-19,http://youtube.com/post/990736,HK Vitals keeping me healthy and strong! ğŸŒŸ #HKVitals #Wellness,4983,435,13
22,Instagram,2024-09-15,http://instagram.com/post/721065,Transform your fitness journey with @healthkart supplements! ğŸ’ª #FitnessGoals #HealthKart,196391,4501,257
20,Facebook,2024-06-29,http://facebook.com/post/755940,HK Vitals keeping me healthy and strong! ğŸŒŸ #HKVitals #Wellness,31729,766,46
18,YouTube,2024-05-06,http://youtube.com/post/981130,HK Vitals keeping me healthy and strong! ğŸŒŸ #HKVitals #Wellness,3528,168,5
95,Facebook,2024-10-24,http://facebook.com/post/486213,Consistency + Right Nutrition = Results! @healthkart #HealthyLiving #Supplements,8255,394,28
51,YouTube,2024-10-19,http://youtube.com/post/917001,Building muscle the right way with quality supplements! ğŸ’ª #Bodybuilding #HealthKart,2677,148,11
97,YouTube,2024-12-27,http://youtube.com/post/617586,HK Vitals keeping me healthy and strong! ğŸŒŸ #HKVitals #Wellness,61744,1661,55
54,Instagram,2024-08-02,http://instagram.com/post/711029,HK Vitals keeping me healthy and strong! ğŸŒŸ #HKVitals #Wellness,46323,1432,105
30,Instagram,2024-12-15,http://instagram.com/post/240146,Consistency + Right Nutrition = Results! @healthkart #HealthyLiving #Supplements,47645,2587,118
75,Instagram,2024-07-07,http://instagram.com/post/718205,Recovery is key! Thanks @healthkart for the best supplements ğŸ™ #Recovery #Health,4671,282,16
35,YouTube,2024-07-16,http://youtube.com/post/784639,Recovery is key! Thanks @healthkart for the best supplements ğŸ™ #Recovery #Health,6789,419,12
44,Instagram,2024-05-30,http://instagram.com/post/496015,Consistency + Right Nutrition = Results! @healthkart #HealthyLiving #Supplements,18382,1079,56
43,Instagram,2024-01-16,http://instagram.com/post/604277,Fueling my workouts with the best nutrition from @healthkart ğŸ”¥ #Nutrition #Fitness,1927,171,3
70,Instagram,2024-11-24,http://instagram.com/post/992462,Recovery is key! Thanks @healthkart for the best supplements ğŸ™ #Recovery #Health,13204,795,26
38,Twitter,2024-09-27,http://twitter.com/post/992861,HK Vitals keeping me healthy and strong! ğŸŒŸ #HKVitals #Wellness,2582,229,8
22,Instagram,2024-11-16,http://instagram.com/post/113835,Recovery is key! Thanks @healthkart for the best supplements ğŸ™ #Recovery #Health,83026,2094,130
92,Instagram,2024-10-01,http://instagram.com/post/955617,Transform your fitness journey with @healthkart supplements! ğŸ’ª #FitnessGoals #HealthKart,21398,2153,73
69,YouTube,2024-01-04,http://youtube.com/post/417338,Fueling my workouts with the best nutrition from @healthkart ğŸ”¥ #Nutrition #Fitness,1974,110,4
29,YouTube,2024-04-09,http://youtube.com/post/203448,HK Vitals keeping me healthy and strong! ğŸŒŸ #HKVitals #Wellness,7140,471,37
62,Instagram,2024-01-26,http://instagram.com/post/727804,Fueling my workouts with the best nutrition from @healthkart ğŸ”¥ #Nutrition #Fitness,41171,2368,73
57,Facebook,2024-08-09,http://facebook.com/post/280143,Pre-workout game strong with @healthkart supplements! âš¡ #PreWorkout #Energy,8086,418,12
12,Instagram,2024-11-14,http://instagram.com/post/712740,Transform your fitness journey with @healthkart supplements! ğŸ’ª #FitnessGoals #HealthKart,7671,782,58
45,Twitter,2024-05-19,http://twitter.com/post/896793,Building muscle the right way with quality supplements! ğŸ’ª #Bodybuilding #HealthKart,20469,990,58
16,Instagram,2024-01-20,http://instagram.com/post/270440,Pre-workout game strong with @healthkart supplements! âš¡ #PreWorkout #Energy,8691,592,44
60,Twitter,2024-08-17,http://twitter.com/post/135517,Building muscle the right way with quality supplements! ğŸ’ª #Bodybuilding #HealthKart,10200,763,30
30,Instagram,2024-05-07,http://instagram.com/post/478325,MuscleBlaze protein helping me achieve my goals! ğŸ’¯ #MuscleBlaze #ProteinPower,50286,3305,175
95,Facebook,2024-05-09,http://facebook.com/post/346217,Recovery is key! Thanks @healthkart for the best supplements ğŸ™ #Recovery #Health,14915,562,16
53,YouTube,2024-06-06,http://youtube.com/post/978783,Consistency + Right Nutrition = Results! @healthkart #HealthyLiving #Supplements,3960,295,5
64,Facebook,2024-06-11,http://facebook.com/post/364169,Transform your fitness journey with @healthkart supplements! ğŸ’ª #FitnessGoals #HealthKart,3678,317,16
56,Instagram,2024-03-04,http://instagram.com/post/107551,Fueling my workouts with the best nutrition from @healthkart ğŸ”¥ #Nutrition #Fitness,4106,353,17
37,Instagram,2024-08-15,http://instagram.com/post/259281,Consistency + Right Nutrition = Results! @healthkart #HealthyLiving #Supplements,124240,2329,88
93,Twitter,2024-07-11,http://twitter.com/post/370242,Fueling my workouts with the best nutrition from @healthkart ğŸ”¥ #Nutrition #Fitness,3513,234,16
10,Instagram,2024-12-02,http://instagram.com/post/600134,Recovery is key! Thanks @healthkart for the best supplements ğŸ™ #Recovery #Health,1789,160,4
90,YouTube,2024-11-14,http://youtube.com/post/929696,MuscleBlaze protein helping me achieve my goals! ğŸ’¯ #MuscleBlaze #ProteinPower,4264,321,15
32,Twitter,2024-02-14,http://twitter.com/post/379753,Consistency + Right Nutrition = Results! @healthkart #HealthyLiving #Supplements,33055,1272,93
20,Facebook,2024-09-03,http://facebook.com/post/788196,HK Vitals keeping me healthy and strong! ğŸŒŸ #HKVitals #Wellness,27503,1615,117
86,Instagram,2024-02-25,http://instagram.com/post/721221,MuscleBlaze protein helping me achieve my goals! ğŸ’¯ #MuscleBlaze #ProteinPower,41682,1433,56
59,Instagram,2024-01-27,http://instagram.com/post/758955,Transform your fitness journey with @healthkart supplements! ğŸ’ª #FitnessGoals #HealthKart,5122,446,20
81,YouTube,2024-12-05,http://youtube.com/post/103330,HK Vitals keeping me healthy and strong! ğŸŒŸ #HKVitals #Wellness,776,30,1
1,Instagram,2024-07-25,http://instagram.com/post/207380,HK Vitals keeping me healthy and strong! ğŸŒŸ #HKVitals #Wellness,5273,447,20
41,Instagram,2024-02-27,http://instagram.com/post/471862,HK Vitals keeping me healthy and strong! ğŸŒŸ #HKVitals #Wellness,46902,1604,64
55,Instagram,2024-08-18,http://instagram.com/post/212545,Recovery is key! Thanks @healthkart for the best supplements ğŸ™ #Recovery #Health,50150,1557,71
9,Instagram,2024-01-13,http://instagram.com/post/245374,Transform your fitness journey with @healthkart supplements! ğŸ’ª #FitnessGoals #HealthKart,12054,737,15
65,Instagram,2024-08-31,http://instagram.com/post/229925,Transform your fitness journey with @healthkart supplements! ğŸ’ª #FitnessGoals #HealthKart,18515,1527,46
90,YouTube,2024-01-24,http://youtube.com/post/554804,Pre-workout game strong with @healthkart supplements! âš¡ #PreWorkout #Energy,8494,436,19
52,Instagram,2024-03-03,http://instagram.com/post/167023,Transform your fitness journey with @healthkart supplements! ğŸ’ª #FitnessGoals #HealthKart,4875,403,26
39,Instagram,2024-03-31,http://instagram.com/post/978683,HK Vitals keeping me healthy and strong! ğŸŒŸ #HKVitals #Wellness,13342,1001,69
91,Instagram,2024-10-15,http://instagram.com/post/551989,HK Vitals keeping me healthy and strong! ğŸŒŸ #HKVitals #Wellness,226439,5528,169
74,Instagram,2024-08-17,http://instagram.com/post/215466,Building muscle the right way with quality supplements! ğŸ’ª #Bodybuilding #HealthKart,6782,423,14
19,Instagram,2024-02-13,http://instagram.com/post/347698,Pre-workout game strong with @healthkart supplements! âš¡ #PreWorkout #Energy,14994,758,18
23,YouTube,2024-08-03,http://youtube.com/post/415312,HK Vitals keeping me healthy and strong! ğŸŒŸ #HKVitals #Wellness,2431,169,11
60,Twitter,2024-03-21,http://twitter.com/post/633024,HK Vitals keeping me healthy and strong! ğŸŒŸ #HKVitals #Wellness,24899,2082,115
18,YouTube,2024-03-21,http://youtube.com/post/846159,Recovery is key! Thanks @healthkart for the best supplements ğŸ™ #Recovery #Health,2529,172,6
57,Facebook,2024-06-15,http://facebook.com/post/471902,Recovery is key! Thanks @healthkart for the best supplements ğŸ™ #Recovery #Health,24588,944,38
93,Twitter,2024-06-25,http://twitter.com/post/531507,Consistency + Right Nutrition = Results! @healthkart #HealthyLiving #Supplements,1484,126,7
53,YouTube,2024-05-29,http://youtube.com/post/838762,HK Vitals keeping me healthy and strong! ğŸŒŸ #HKVitals #Wellness,6351,465,31
64,Facebook,2024-06-30,http://facebook.com/post/449467,Building muscle the right way with quality supplements! ğŸ’ª #Bodybuilding #HealthKart,5967,555,28
25,Instagram,2024-02-23,http://instagram.com/post/779037,Pre-workout game strong with @healthkart supplements! âš¡ #PreWorkout #Energy,20171,1629,55
74,Instagram,2024-01-18,http://instagram.com/post/272351,Fueling my workouts with the best nutrition from @healthkart ğŸ”¥ #Nutrition #Fitness,11105,591,33
35,YouTube,2024-07-09,http://youtube.com/post/698750,Recovery is key! Thanks @healthkart for the best supplements ğŸ™ #Recovery #Health,8728,567,39
28,Twitter,2024-08-16,http://twitter.com/post/501213,Transform your fitness journey with @healthkart supplements! ğŸ’ª #FitnessGoals #HealthKart,20710,532,13
14,Twitter,2024-11-10,http://twitter.com/post/532210,Consistency + Right Nutrition = Results! @healthkart #HealthyLiving #Supplements,29336,1208,46
23,YouTube,2024-05-28,http://youtube.com/post/478357,HK Vitals keeping me healthy and strong! ğŸŒŸ #HKVitals #Wellness,4142,233,8
2,Instagram,2024-02-25,http://instagram.com/post/150780,MuscleBlaze protein helping me achieve my goals! ğŸ’¯ #MuscleBlaze #ProteinPower,252468,9774,215
44,Instagram,2024-06-23,http://instagram.com/post/486458,Pre-workout game strong with @healthkart supplements! âš¡ #PreWorkout #Energy,18388,1951,115
15,Facebook,2024-12-27,http://facebook.com/post/823792,Pre-workout game strong with @healthkart supplements! âš¡ #PreWorkout #Energy,5661,525,33
95,Facebook,2024-08-09,http://facebook.com/post/982383,Transform your fitness journey with @healthkart supplements! ğŸ’ª #FitnessGoals #HealthKart,9698,545,39
22,Instagram,2024-12-28,http://instagram.com/post/968983,Fueling my workouts with the best nutrition from @healthkart ğŸ”¥ #Nutrition #Fitness,201159,2830,164
39,Instagram,2024-06-20,http://instagram.com/post/935493,Transform your fitness journey with @healthkart supplements! ğŸ’ª #FitnessGoals #HealthKart,21533,1830,82
12,Instagram,2024-10-22,http://instagram.com/post/590796,MuscleBlaze protein helping me achieve my goals! ğŸ’¯ #MuscleBlaze #ProteinPower,6885,442,22
91,Instagram,2024-01-24,http://instagram.com/post/214591,Fueling my workouts with the best nutrition from @healthkart ğŸ”¥ #Nutrition #Fitness,108489,2667,73
63,Instagram,2024-03-22,http://instagram.com/post/993910,MuscleBlaze protein helping me achieve my goals! ğŸ’¯ #MuscleBlaze #ProteinPower,22397,2169,140
86,Instagram,2024-09-08,http://instagram.com/post/810844,Building muscle the right way with quality supplements! ğŸ’ª #Bodybuilding #HealthKart,9361,618,29
23,YouTube,2024-10-22,http://youtube.com/post/479945,HK Vitals keeping me healthy and strong! ğŸŒŸ #HKVitals #Wellness,1731,163,3
24,Instagram,2024-06-04,http://instagram.com/post/875150,Recovery is key! Thanks @healthkart for the best supplements ğŸ™ #Recovery #Health,15462,1123,64
12,Instagram,2024-08-18,http://instagram.com/post/267861,Consistency + Right Nutrition = Results! @healthkart #HealthyLiving #Supplements,3383,185,13
44,Instagram,2024-07-16,http://instagram.com/post/228277,Consistency + Right Nutrition = Results! @healthkart #HealthyLiving #Supplements,27060,1079,72
84,Instagram,2024-10-23,http://instagram.com/post/847031,Transform your fitness journey with @healthkart supplements! ğŸ’ª #FitnessGoals #HealthKart,75684,1444,40
43,Instagram,2024-12-14,http://instagram.com/post/549970,HK Vitals keeping me healthy and strong! ğŸŒŸ #HKVitals #Wellness,1235,122,3
15,Facebook,2024-02-17,http://facebook.com/post/687123,Building muscle the right way with quality supplements! ğŸ’ª #Bodybuilding #HealthKart,9296,873,32
80,YouTube,2024-03-24,http://youtube.com/post/769930,Building muscle the right way with quality supplements! ğŸ’ª #Bodybuilding #HealthKart,42118,1673,93
95,Facebook,2024-05-15,http://facebook.com/post/840839,Recovery is key! Thanks @healthkart for the best supplements ğŸ™ #Recovery #Health,17469,1284,29
28,Twitter,2024-08-02,http://twitter.com/post/802518,Consistency + Right Nutrition = Results! @healthkart #HealthyLiving #Supplements,7426,261,20
1,Instagram,2024-05-23,http://instagram.com/post/154215,Fueling my workouts with the best nutrition from @healthkart ğŸ”¥ #Nutrition #Fitness,6053,326,21
97,YouTube,2024-09-24,http://youtube.com/post/484958,Transform your fitness journey with @healthkart supplements! ğŸ’ª #FitnessGoals #HealthKart,61632,2648,150
38,Twitter,2024-12-22,http://twitter.com/post/801875,MuscleBlaze protein helping me achieve my goals! ğŸ’¯ #MuscleBlaze #ProteinPower,7825,681,42
93,Twitter,2024-06-01,http://twitter.com/post/615758,Pre-workout game strong with @healthkart supplements! âš¡ #PreWorkout #Energy,2788,118,4
25,Instagram,2024-04-28,http://instagram.com/post/564440,Transform your fitness journey with @healthkart supplements! ğŸ’ª #FitnessGoals #HealthKart,16312,839,53
26,Instagram,2024-11-11,http://instagram.com/post/207278,Pre-workout game strong with @healthkart supplements! âš¡ #PreWorkout #Energy,9566,797,24
25,Instagram,2024-03-06,http://instagram.com/post/419109,Fueling my workouts with the best nutrition from @healthkart ğŸ”¥ #Nutrition #Fitness,22143,1754,106
22,Instagram,2024-05-25,http://instagram.com/post/865118,Transform your fitness journey with @healthkart supplements! ğŸ’ª #FitnessGoals #HealthKart,260324,5424,182
24,Instagram,2024-12-30,http://instagram.com/post/211246,Fueling my workouts with the best nutrition from @healthkart ğŸ”¥ #Nutrition #Fitness,24742,1315,80
77,Twitter,2024-09-29,http://twitter.com/post/211637,Recovery is key! Thanks @healthkart for the best supplements ğŸ™ #Recovery #Health,4101,340,23
81,YouTube,2024-08-07,http://youtube.com/post/988621,Fueling my workouts with the best nutrition from @healthkart ğŸ”¥ #Nutrition #Fitness,3183,203,8
63,Instagram,2024-11-20,http://instagram.com/post/378643,Fueling my workouts with the best nutrition from @healthkart ğŸ”¥ #Nutrition #Fitness,10643,687,49
13,Instagram,2024-11-24,http://instagram.com/post/510795,Recovery is key! Thanks @healthkart for the best supplements ğŸ™ #Recovery #Health,6494,573,35
70,Instagram,2024-05-07,http://instagram.com/post/909231,Fueling my workouts with the best nutrition from @healthkart ğŸ”¥ #Nutrition #Fitness,25194,1714,123
83,YouTube,2024-07-18,http://youtube.com/post/171690,Transform your fitness journey with @healthkart supplements! ğŸ’ª #FitnessGoals #HealthKart,2609,257,9
54,Instagram,2024-05-29,http://instagram.com/post/328153,Recovery is key! Thanks @healthkart for the best supplements ğŸ™ #Recovery #Health,68785,2586,64
74,Instagram,2024-12-10,http://instagram.com/post/552186,Building muscle the right way with quality supplements! ğŸ’ª #Bodybuilding #HealthKart,4123,299,21
77,Twitter,2024-08-11,http://twitter.com/post/182475,Transform your fitness journey with @healthkart supplements! ğŸ’ª #FitnessGoals #HealthKart,4029,222,9
27,Instagram,2024-01-04,http://instagram.com/post/182112,Transform your fitness journey with @healthkart supplements! ğŸ’ª #FitnessGoals #HealthKart,7020,650,22
35,YouTube,2024-03-23,http://youtube.com/post/188292,Building muscle the right way with quality supplements! ğŸ’ª #Bodybuilding #HealthKart,4446,383,18
10,Instagram,2024-08-18,http://instagram.com/post/806870,Fueling my workouts with the best nutrition from @healthkart ğŸ”¥ #Nutrition #Fitness,4679,254,17
37,Instagram,2024-11-23,http://instagram.com/post/459912,MuscleBlaze protein helping me achieve my goals! ğŸ’¯ #MuscleBlaze #ProteinPower,135615,4517,103
13,Instagram,2024-10-25,http://instagram.com/post/991693,Consistency + Right Nutrition = Results! @healthkart #HealthyLiving #Supplements,8114,343,19
49,Instagram,2024-06-11,http://instagram.com/post/846078,Recovery is key! Thanks @healthkart for the best supplements ğŸ™ #Recovery #Health,87379,4511,357
49,Instagram,2024-02-13,http://instagram.com/post/516875,HK Vitals keeping me healthy and strong! ğŸŒŸ #HKVitals #Wellness,87977,3373,136
80,YouTube,2024-09-02,http://youtube.com/post/464427,Consistency + Right Nutrition = Results! @healthkart #HealthyLiving #Supplements,47237,2494,198
48,Instagram,2024-06-07,http://instagram.com/post/853750,Fueling my workouts with the best nutrition from @healthkart ğŸ”¥ #Nutrition #Fitness,18746,1749,52
86,Instagram,2024-01-31,http://instagram.com/post/454255,Pre-workout game strong with @healthkart supplements! âš¡ #PreWorkout #Energy,35086,2287,79
5,Twitter,2024-10-19,http://twitter.com/post/445512,Building muscle the right way with quality supplements! ğŸ’ª #Bodybuilding #HealthKart,14133,758,54
68,Instagram,2024-04-17,http://instagram.com/post/526618,Fueling my workouts with the best nutrition from @healthkart ğŸ”¥ #Nutrition #Fitness,16612,1014,33
70,Instagram,2024-11-11,http://instagram.com/post/947874,Consistency + Right Nutrition = Results! @healthkart #HealthyLiving #Supplements,7513,477,35
6,Facebook,2024-01-10,http://facebook.com/post/476800,Pre-workout game strong with @healthkart supplements! âš¡ #PreWorkout #Energy,11241,1210,75
66,Instagram,2024-08-20,http://instagram.com/post/816205,Consistency + Right Nutrition = Results! @healthkart #HealthyLiving #Supplements,24145,1513,67
21,YouTube,2024-07-31,http://youtube.com/post/981268,Recovery is key! Thanks @healthkart for the best supplements ğŸ™ #Recovery #Health,3470,232,13
41,Instagram,2024-08-16,http://instagram.com/post/632840,HK Vitals keeping me healthy and strong! ğŸŒŸ #HKVitals #Wellness,36987,2136,117
85,YouTube,2024-08-30,http://youtube.com/post/613496,Consistency + Right Nutrition = Results! @healthkart #HealthyLiving #Supplements,26904,1075,25
92,Instagram,2024-01-22,http://instagram.com/post/599726,Fueling my workouts with the best nutrition from @healthkart ğŸ”¥ #Nutrition #Fitness,15942,1342,93
18,YouTube,2024-05-08,http://youtube.com/post/441955,Recovery is key! Thanks @healthkart for the best supplements ğŸ™ #Recovery #Health,1290,116,4
5,Twitter,2024-07-16,http://twitter.com/post/670257,HK Vitals keeping me healthy and strong! ğŸŒŸ #HKVitals #Wellness,11548,857,50
89,Twitter,2024-12-13,http://twitter.com/post/436807,MuscleBlaze protein helping me achieve my goals! ğŸ’¯ #MuscleBlaze #ProteinPower,10338,646,16
44,Instagram,2024-10-19,http://instagram.com/post/825163,Pre-workout game strong with @healthkart supplements! âš¡ #PreWorkout #Energy,28418,2003,71
28,Twitter,2024-06-26,http://twitter.com/post/679232,HK Vitals keeping me healthy and strong! ğŸŒŸ #HKVitals #Wellness,15225,1056,27
16,Instagram,2024-03-27,http://instagram.com/post/205116,Fueling my workouts with the best nutrition from @healthkart ğŸ”¥ #Nutrition #Fitness,18453,1150,90
52,Instagram,2024-08-27,http://instagram.com/post/733224,Fueling my workouts with the best nutrition from @healthkart ğŸ”¥ #Nutrition #Fitness,26161,1900,40
