source,campaign,influencer_id,user_id,product,date,orders,revenue
Instagram,Protein Power Month,41,user_654181,GNC Pro Performance Power Protein,2024-10-09,17,46572.98
Instagram,Festive Season Special,92,user_711845,GNC Pro Performance Power Protein,2024-03-07,32,95176.7
Instagram,New Year Fitness Challenge,10,user_394829,HK Vitals Fish Oil,2024-04-19,5,2829.31
Twitter,Protein Power Month,93,user_790264,MuscleBlaze Creatine Monohydrate,2024-08-25,3,2127.73
YouTube,Back to Gym Campaign,18,user_789706,HK Vitals Fish Oil,2024-10-26,6,3290.76
YouTube,Wellness Wednesday,97,user_693808,MuscleTech NitroTech Whey Protein,2024-12-23,50,342587.53
YouTube,Wellness Wednesday,87,user_981308,HK Vitals Skin Radiance Collagen,2024-07-30,50,68897.92
Instagram,Fitness Friday,66,user_836547,HK Vitals Fish Oil,2024-09-13,50,28397.99
YouTube,Protein Power Month,34,user_870713,MuscleBlaze WrathX Pre Workout,2024-07-06,4,8675.59
YouTube,Monsoon Immunity Boost,53,user_116880,GNC Pro Performance Power Protein,2024-06-05,33,75458.23
Instagram,Fitness Friday,71,user_833109,HK Vitals Skin Radiance Collagen,2024-03-30,19,22483.41
YouTube,Festive Season Special,99,user_126666,HK Vitals Skin Radiance Collagen,2024-04-05,50,48502.81
Instagram,New Year Fitness Challenge,17,user_372041,Wellcore Creatine Monohydrate,2024-10-13,41,30037.45
Instagram,Summer Body Transformation,25,user_920343,SteelX Protein Shaker,2024-01-13,40,17444.12
Instagram,Protein Power Month,70,user_832072,MuscleBlaze PRE Workout 200 Xtreme,2024-11-07,33,29380.63
YouTube,Monsoon Immunity Boost,81,user_870145,SteelX Protein Shaker,2024-03-01,4,2322.07
Instagram,Summer Body Transformation,62,user_623556,MuscleBlaze Creatine Monohydrate,2024-04-22,50,35642.92
Facebook,Fitness Friday,57,user_389582,HK Vitals Fish Oil,2024-08-05,13,8944.24
Instagram,Wellness Wednesday,47,user_361573,MuscleBlaze PRE Workout 200 Xtreme,2024-01-25,19,16064.45
Instagram,Festive Season Special,65,user_968055,GNC Pro Performance Power Protein,2024-08-25,31,81958.79
Instagram,Wellness Wednesday,71,user_172172,SteelX Protein Shaker,2024-02-01,10,4541.44
Instagram,Summer Body Transformation,22,user_111322,GNC Pro Performance Power Protein,2024-02-08,50,163325.96
YouTube,Summer Body Transformation,42,user_452137,ON Gold Standard 100% Whey Protein,2024-10-14,5,41411.99
Instagram,Fitness Friday,39,user_291107,GNC Pro Performance Power Protein,2024-12-21,27,91002.63
Instagram,Festive Season Special,59,user_700383,TrueBasics Multivitamin,2024-04-20,21,13870.28
Instagram,Protein Power Month,48,user_972157,SteelX Protein Shaker,2024-11-10,48,27792.4
YouTube,Wellness Wednesday,85,user_582157,ON Gold Standard 100% Whey Protein,2024-04-17,11,93768.52
Instagram,Wellness Wednesday,17,user_386804,TrueBasics Multivitamin,2024-12-28,27,24813.29
Instagram,New Year Fitness Challenge,37,user_635427,MuscleBlaze Biozyme Performance Whey Protein,2024-05-23,50,169445.63
Instagram,Festive Season Special,12,user_681981,HK Vitals Vitamin C Face Serum,2024-04-05,12,6236.38
YouTube,Monsoon Immunity Boost,51,user_571568,HK Vitals Fish Oil,2024-01-23,12,7124.63
Instagram,New Year Fitness Challenge,92,user_735255,HK Vitals Multivitamin,2024-11-27,49,34728.83
Instagram,Back to Gym Campaign,48,user_602685,MuscleBlaze PRE Workout 200 Xtreme,2024-07-10,17,20265.91
YouTube,New Year Fitness Challenge,53,user_752544,MuscleBlaze Biozyme Performance Whey Protein,2024-01-13,13,43669.77
Twitter,Protein Power Month,89,user_452750,MuscleBlaze Biozyme Performance Whey Protein,2024-04-06,8,27714.09
YouTube,Festive Season Special,69,user_103531,HK Vitals Fish Oil,2024-12-10,19,10256.37
YouTube,Summer Body Transformation,35,user_155894,HK Vitals Skin Radiance Collagen,2024-01-08,12,12966.71
Twitter,Festive Season Special,88,user_343811,Wellcore Creatine Monohydrate,2024-10-29,14,10766.77
Instagram,Summer Body Transformation,65,user_105277,MuscleBlaze PRE Workout 200 Xtreme,2024-05-09,26,25616.76
Facebook,Festive Season Special,20,user_316974,Fuel One Whey Protein Powder,2024-03-20,36,94221.67
YouTube,Protein Power Month,81,user_963518,MuscleBlaze Creatine Monohydrate,2024-03-30,6,5362.01
YouTube,Wellness Wednesday,21,user_248199,MuscleBlaze WrathX Pre Workout,2024-06-30,4,6444.76
Instagram,Back to Gym Campaign,30,user_345672,GNC Pro Performance Power Protein,2024-06-16,50,167858.33
Instagram,Festive Season Special,92,user_768855,HK Vitals Vitamin C Face Serum,2024-09-06,50,31970.44
Instagram,Festive Season Special,70,user_878305,MuscleBlaze PRE Workout 200 Xtreme,2024-07-15,49,53187.77
YouTube,Wellness Wednesday,58,user_373459,GNC Pro Performance Power Protein,2024-03-09,7,20424.22
Instagram,Protein Power Month,12,user_109528,MuscleBlaze Creatine Monohydrate,2024-12-12,29,26060.17
Twitter,Summer Body Transformation,36,user_783086,MuscleBlaze Biozyme Performance Whey Protein,2024-04-21,17,47961.66
Instagram,Back to Gym Campaign,54,user_250531,TrueBasics Multivitamin,2024-11-04,9,6623.78
Instagram,Festive Season Special,61,user_685311,MuscleBlaze Creatine Monohydrate,2024-01-04,22,17549.13
Instagram,Protein Power Month,10,user_220980,ON Gold Standard 100% Whey Protein,2024-12-10,17,122283.47
Instagram,New Year Fitness Challenge,22,user_275790,TrueBasics Multivitamin,2024-08-11,50,35996.95
Instagram,Wellness Wednesday,25,user_316705,TrueBasics Multivitamin,2024-07-17,40,29131.54
YouTube,Fitness Friday,29,user_535668,HK Vitals Fish Oil,2024-06-26,9,4849.79
Facebook,Wellness Wednesday,57,user_919990,HK Vitals Skin Radiance Collagen,2024-05-06,25,34108.68
Facebook,New Year Fitness Challenge,20,user_867467,MuscleTech NitroTech Whey Protein,2024-03-02,6,45037.37
Twitter,Monsoon Immunity Boost,89,user_170390,HK Vitals Vitamin C Face Serum,2024-07-08,35,21585.9
Instagram,Festive Season Special,33,user_736663,ON Gold Standard 100% Whey Protein,2024-02-21,35,251640.94
Instagram,Fitness Friday,62,user_977668,HK Vitals Multivitamin,2024-12-11,18,7880.62
Instagram,Festive Season Special,41,user_549772,MuscleBlaze WrathX Pre Workout,2024-02-04,12,19625.72
Instagram,Fitness Friday,2,user_509957,MuscleBlaze WrathX Pre Workout,2024-03-07,50,113244.79
YouTube,Protein Power Month,99,user_218728,TrueBasics Multivitamin,2024-09-26,50,42968.96
Facebook,Summer Body Transformation,20,user_161771,HK Vitals Vitamin C Face Serum,2024-09-09,19,10522.58
Instagram,Summer Body Transformation,16,user_212035,MuscleBlaze PRE Workout 200 Xtreme,2024-11-05,33,32438.71
Twitter,Festive Season Special,88,user_542994,ON Gold Standard 100% Whey Protein,2024-05-27,10,89559.61
Instagram,Wellness Wednesday,91,user_149117,MuscleBlaze WrathX Pre Workout,2024-07-12,50,118286.84
Instagram,Festive Season Special,75,user_294587,HK Vitals Multivitamin,2024-02-11,22,10437.56
YouTube,Protein Power Month,35,user_701039,Fuel One Whey Protein Powder,2024-02-21,5,15367.45
Instagram,Fitness Friday,13,user_751244,TrueBasics Multivitamin,2024-03-12,9,5512.11
Twitter,New Year Fitness Challenge,60,user_941286,SteelX Protein Shaker,2024-08-01,27,10368.9
Instagram,New Year Fitness Challenge,11,user_909424,MuscleBlaze PRE Workout 200 Xtreme,2024-05-16,18,15976.14
YouTube,New Year Fitness Challenge,97,user_486384,MuscleBlaze Creatine Monohydrate,2024-03-17,50,34914.45
Instagram,Back to Gym Campaign,86,user_111846,HK Vitals Skin Radiance Collagen,2024-06-11,18,16324.52
Instagram,Monsoon Immunity Boost,86,user_740615,Fuel One Whey Protein Powder,2024-12-22,15,39252.75
Twitter,Wellness Wednesday,45,user_421024,HK Vitals Multivitamin,2024-08-20,22,12937.54
Facebook,Protein Power Month,95,user_709415,TrueBasics Multivitamin,2024-03-22,16,11200.59
YouTube,Monsoon Immunity Boost,51,user_120732,HK Vitals Vitamin C Face Serum,2024-09-26,5,2827.05
Instagram,Wellness Wednesday,24,user_880933,TrueBasics Multivitamin,2024-07-11,50,31705.93
Instagram,Summer Body Transformation,9,user_230810,Fuel One Whey Protein Powder,2024-10-28,50,123054.69
Instagram,Festive Season Special,49,user_252036,SteelX Protein Shaker,2024-02-12,50,17676.32
Instagram,Wellness Wednesday,3,user_515423,MuscleTech NitroTech Whey Protein,2024-08-21,23,166456.71
Instagram,Wellness Wednesday,41,user_418218,MuscleBlaze WrathX Pre Workout,2024-07-10,41,101620.88
Instagram,Festive Season Special,62,user_406858,MuscleBlaze Biozyme Performance Whey Protein,2024-05-19,34,88356.68
Twitter,Back to Gym Campaign,94,user_697686,MuscleTech NitroTech Whey Protein,2024-10-25,26,200695.06
YouTube,Back to Gym Campaign,53,user_996028,MuscleBlaze PRE Workout 200 Xtreme,2024-04-29,23,19249.95
Twitter,Monsoon Immunity Boost,38,user_882876,Fuel One Whey Protein Powder,2024-07-06,9,24320.29
YouTube,Protein Power Month,69,user_982052,MuscleBlaze PRE Workout 200 Xtreme,2024-01-04,10,8816.05
Instagram,Summer Body Transformation,44,user_230374,Fuel One Whey Protein Powder,2024-09-11,50,118348.39
Instagram,Festive Season Special,9,user_587825,ON Gold Standard 100% Whey Protein,2024-12-21,47,378887.93
Instagram,Festive Season Special,56,user_319710,MuscleBlaze WrathX Pre Workout,2024-12-10,7,13566.61
Instagram,Festive Season Special,47,user_371126,TrueBasics Multivitamin,2024-01-12,9,7182.8
Facebook,Monsoon Immunity Boost,20,user_792408,HK Vitals Skin Radiance Collagen,2024-07-08,16,17731.51
Twitter,New Year Fitness Challenge,32,user_289092,MuscleBlaze WrathX Pre Workout,2024-01-19,10,15678.29
Instagram,Summer Body Transformation,11,user_565623,Fuel One Whey Protein Powder,2024-03-23,50,158261.35
Instagram,Fitness Friday,22,user_407639,TrueBasics Multivitamin,2024-09-29,50,44869.44
Twitter,Fitness Friday,14,user_175901,Fuel One Whey Protein Powder,2024-11-17,50,123035.55
Instagram,Fitness Friday,12,user_543994,HK Vitals Fish Oil,2024-06-22,19,9568.51
Instagram,Summer Body Transformation,52,user_986629,MuscleBlaze WrathX Pre Workout,2024-10-10,50,79026.29
YouTube,Protein Power Month,58,user_296076,MuscleBlaze PRE Workout 200 Xtreme,2024-01-13,10,8258.74
Instagram,Wellness Wednesday,19,user_922691,HK Vitals Multivitamin,2024-07-27,27,19449.91
Twitter,Back to Gym Campaign,93,user_351958,MuscleBlaze Biozyme Performance Whey Protein,2024-05-29,11,30554.58
YouTube,Fitness Friday,81,user_381504,ON Gold Standard 100% Whey Protein,2024-09-24,3,22884.24
Twitter,Protein Power Month,77,user_152998,MuscleBlaze Creatine Monohydrate,2024-11-13,5,3187.96
Instagram,Monsoon Immunity Boost,25,user_276888,SteelX Protein Shaker,2024-04-11,50,18748.25
Instagram,Wellness Wednesday,12,user_718351,MuscleBlaze PRE Workout 200 Xtreme,2024-11-22,8,6706.74
Instagram,Monsoon Immunity Boost,22,user_472336,MuscleBlaze Creatine Monohydrate,2024-10-16,50,42721.54
Twitter,Summer Body Transformation,77,user_641536,Fuel One Whey Protein Powder,2024-07-26,7,22862.02
Instagram,New Year Fitness Challenge,19,user_841259,HK Vitals Vitamin C Face Serum,2024-08-28,44,22412.3
Instagram,Back to Gym Campaign,98,user_775248,HK Vitals Skin Radiance Collagen,2024-11-06,19,25085.85
Twitter,Wellness Wednesday,8,user_302681,TrueBasics Multivitamin,2024-05-06,46,34479.35
Twitter,Monsoon Immunity Boost,36,user_496203,TrueBasics Multivitamin,2024-04-29,31,19942.53
Instagram,Fitness Friday,76,user_625997,Fuel One Whey Protein Powder,2024-03-10,26,79660.97
YouTube,Monsoon Immunity Boost,90,user_630936,MuscleBlaze WrathX Pre Workout,2024-05-16,27,61096.66
Instagram,Fitness Friday,40,user_379063,HK Vitals Multivitamin,2024-10-17,50,21859.6
Instagram,Fitness Friday,76,user_676414,SteelX Protein Shaker,2024-12-02,40,21944.62
Twitter,New Year Fitness Challenge,28,user_398662,MuscleBlaze Biozyme Performance Whey Protein,2024-02-24,28,74627.65
Instagram,Festive Season Special,91,user_423880,HK Vitals Skin Radiance Collagen,2024-11-16,50,58853.3
Instagram,Wellness Wednesday,98,user_364150,GNC Pro Performance Power Protein,2024-02-10,15,47486.18
Instagram,Monsoon Immunity Boost,30,user_570810,TrueBasics Multivitamin,2024-07-30,14,9280.58
YouTube,Monsoon Immunity Boost,18,user_234559,MuscleBlaze WrathX Pre Workout,2024-05-04,9,15366.04
Instagram,Back to Gym Campaign,2,user_280920,MuscleBlaze PRE Workout 200 Xtreme,2024-11-13,50,41735.06
Instagram,Protein Power Month,41,user_456959,ON Gold Standard 100% Whey Protein,2024-09-03,29,252474.48
Instagram,Fitness Friday,78,user_770539,GNC Pro Performance Power Protein,2024-02-04,24,68825.58
Twitter,Festive Season Special,36,user_825650,GNC Pro Performance Power Protein,2024-08-10,13,28745.09
Twitter,Back to Gym Campaign,8,user_453628,HK Vitals Skin Radiance Collagen,2024-02-18,35,43872.46
Instagram,Fitness Friday,47,user_282879,MuscleBlaze WrathX Pre Workout,2024-07-09,24,45479.6
Twitter,Protein Power Month,14,user_173381,HK Vitals Vitamin C Face Serum,2024-03-14,16,8372.33
Instagram,Monsoon Immunity Boost,30,user_742079,MuscleBlaze Creatine Monohydrate,2024-07-16,20,16614.77
Instagram,Wellness Wednesday,22,user_997575,Wellcore Creatine Monohydrate,2024-06-02,50,29846.93
Instagram,New Year Fitness Challenge,55,user_813921,HK Vitals Multivitamin,2024-07-24,28,15175.29
YouTube,Fitness Friday,87,user_263541,HK Vitals Multivitamin,2024-05-18,50,27589.54
YouTube,Protein Power Month,34,user_555692,HK Vitals Vitamin C Face Serum,2024-11-26,6,3650.91
Instagram,Summer Body Transformation,70,user_634318,MuscleBlaze PRE Workout 200 Xtreme,2024-03-03,22,18565.8
YouTube,Wellness Wednesday,69,user_336009,MuscleTech NitroTech Whey Protein,2024-06-20,8,48186.36
Instagram,Protein Power Month,82,user_705880,SteelX Protein Shaker,2024-05-15,35,18070.88
Instagram,New Year Fitness Challenge,61,user_437654,TrueBasics Multivitamin,2024-07-30,10,8383.17
Instagram,Monsoon Immunity Boost,12,user_575734,MuscleTech NitroTech Whey Protein,2024-04-11,22,139068.88
Instagram,Monsoon Immunity Boost,12,user_147689,HK Vitals Vitamin C Face Serum,2024-09-08,27,15073.24
YouTube,Festive Season Special,85,user_547113,TrueBasics Multivitamin,2024-02-07,13,10711.34
YouTube,New Year Fitness Challenge,73,user_129824,HK Vitals Vitamin C Face Serum,2024-01-03,50,27918.95
YouTube,Monsoon Immunity Boost,81,user_284537,GNC Pro Performance Power Protein,2024-04-22,3,7306.01
YouTube,Fitness Friday,18,user_669945,MuscleBlaze Biozyme Performance Whey Protein,2024-01-22,11,28985.78
Instagram,Monsoon Immunity Boost,82,user_842835,ON Gold Standard 100% Whey Protein,2024-06-26,35,285365.52
Twitter,Summer Body Transformation,5,user_710585,Wellcore Creatine Monohydrate,2024-09-25,20,15321.25
Instagram,Back to Gym Campaign,47,user_778762,Fuel One Whey Protein Powder,2024-11-22,10,30780.13
YouTube,Wellness Wednesday,83,user_118608,HK Vitals Fish Oil,2024-02-24,17,8986.84
Instagram,Monsoon Immunity Boost,76,user_376507,Wellcore Creatine Monohydrate,2024-01-14,38,25556.47
YouTube,Wellness Wednesday,35,user_903126,GNC Pro Performance Power Protein,2024-02-04,7,20239.12
Instagram,Wellness Wednesday,39,user_379189,MuscleTech NitroTech Whey Protein,2024-07-14,34,228954.88
Twitter,Festive Season Special,50,user_356661,Wellcore Creatine Monohydrate,2024-03-15,4,2353.68
YouTube,Festive Season Special,53,user_396833,HK Vitals Fish Oil,2024-12-06,15,9861.74
YouTube,Summer Body Transformation,90,user_823864,MuscleBlaze PRE Workout 200 Xtreme,2024-04-28,18,15704.96
Twitter,Wellness Wednesday,32,user_608525,MuscleBlaze WrathX Pre Workout,2024-10-08,10,18966.6
Instagram,Summer Body Transformation,30,user_785218,MuscleBlaze PRE Workout 200 Xtreme,2024-11-30,50,53463.61
Instagram,Festive Season Special,13,user_106176,ON Gold Standard 100% Whey Protein,2024-02-18,7,53725.73
Instagram,New Year Fitness Challenge,92,user_353557,HK Vitals Skin Radiance Collagen,2024-08-04,50,63916.0
Instagram,Back to Gym Campaign,65,user_913041,MuscleBlaze Creatine Monohydrate,2024-12-26,10,6101.47
YouTube,Wellness Wednesday,29,user_917932,HK Vitals Multivitamin,2024-06-04,18,8029.77
Instagram,New Year Fitness Challenge,76,user_873327,MuscleTech NitroTech Whey Protein,2024-11-21,9,60341.41
YouTube,Protein Power Month,58,user_720141,MuscleBlaze PRE Workout 200 Xtreme,2024-06-16,6,5631.05
Instagram,Festive Season Special,9,user_889341,HK Vitals Vitamin C Face Serum,2024-11-18,21,11499.82
Instagram,Festive Season Special,65,user_341031,MuscleTech NitroTech Whey Protein,2024-02-10,31,211100.27
Twitter,Festive Season Special,28,user_478970,ON Gold Standard 100% Whey Protein,2024-02-21,7,59354.29
Instagram,Wellness Wednesday,37,user_244695,MuscleBlaze PRE Workout 200 Xtreme,2024-02-28,50,53538.5
YouTube,New Year Fitness Challenge,42,user_726179,Fuel One Whey Protein Powder,2024-03-03,11,25274.31
Instagram,New Year Fitness Challenge,27,user_964683,HK Vitals Multivitamin,2024-11-19,22,10160.44
Instagram,Back to Gym Campaign,54,user_246028,MuscleBlaze Creatine Monohydrate,2024-08-13,43,28133.42
Instagram,Fitness Friday,74,user_171138,SteelX Protein Shaker,2024-04-09,50,27287.12
YouTube,Summer Body Transformation,7,user_232443,MuscleBlaze Creatine Monohydrate,2024-07-28,10,8285.4
Instagram,Wellness Wednesday,16,user_148015,HK Vitals Multivitamin,2024-07-26,39,23997.55
Instagram,Festive Season Special,72,user_232634,MuscleBlaze Creatine Monohydrate,2024-10-07,40,33483.63
Instagram,Summer Body Transformation,22,user_831492,MuscleBlaze PRE Workout 200 Xtreme,2024-05-06,50,43407.59
Instagram,Wellness Wednesday,19,user_340866,HK Vitals Fish Oil,2024-12-11,35,20042.45
Instagram,New Year Fitness Challenge,98,user_221076,HK Vitals Fish Oil,2024-07-17,25,14415.06
Instagram,Festive Season Special,10,user_424303,HK Vitals Vitamin C Face Serum,2024-11-05,4,2299.66
Instagram,New Year Fitness Challenge,55,user_156519,SteelX Protein Shaker,2024-07-28,20,9318.65
Instagram,Back to Gym Campaign,48,user_508219,HK Vitals Multivitamin,2024-09-06,13,6950.72
Instagram,Wellness Wednesday,13,user_418635,MuscleBlaze Creatine Monohydrate,2024-04-29,5,3889.57
Instagram,Summer Body Transformation,41,user_507219,ON Gold Standard 100% Whey Protein,2024-12-21,50,365121.41
Instagram,Festive Season Special,39,user_971202,GNC Pro Performance Power Protein,2024-01-06,21,75217.22
Twitter,Summer Body Transformation,4,user_270103,HK Vitals Vitamin C Face Serum,2024-02-19,8,4459.91
Instagram,Monsoon Immunity Boost,43,user_570248,Fuel One Whey Protein Powder,2024-06-08,7,19056.08
YouTube,Wellness Wednesday,69,user_833359,MuscleBlaze PRE Workout 200 Xtreme,2024-09-10,21,22353.23
Instagram,Monsoon Immunity Boost,48,user_697923,HK Vitals Vitamin C Face Serum,2024-12-16,13,7117.03
Instagram,Back to Gym Campaign,56,user_120291,Wellcore Creatine Monohydrate,2024-12-12,5,2841.85
Twitter,Monsoon Immunity Boost,28,user_605324,ON Gold Standard 100% Whey Protein,2024-12-08,21,161082.61
Instagram,Wellness Wednesday,9,user_562171,ON Gold Standard 100% Whey Protein,2024-08-22,42,359866.15
YouTube,Back to Gym Campaign,34,user_728186,TrueBasics Multivitamin,2024-01-06,3,2695.99
YouTube,Monsoon Immunity Boost,18,user_153270,MuscleTech NitroTech Whey Protein,2024-04-27,10,57846.18
Instagram,Fitness Friday,3,user_385447,HK Vitals Vitamin C Face Serum,2024-03-24,22,11252.27
YouTube,Wellness Wednesday,7,user_638408,Fuel One Whey Protein Powder,2024-05-01,11,29128.94
Instagram,Monsoon Immunity Boost,86,user_143340,HK Vitals Fish Oil,2024-08-22,14,7112.17
Instagram,Summer Body Transformation,78,user_765987,MuscleTech NitroTech Whey Protein,2024-12-04,29,212267.61
YouTube,Monsoon Immunity Boost,29,user_397497,HK Vitals Multivitamin,2024-11-28,23,12487.63
YouTube,Protein Power Month,81,user_618698,MuscleBlaze WrathX Pre Workout,2024-09-03,5,11092.65
YouTube,Protein Power Month,85,user_145568,HK Vitals Multivitamin,2024-03-08,6,4329.55
Instagram,Back to Gym Campaign,71,user_452241,Wellcore Creatine Monohydrate,2024-02-03,7,4867.68
Instagram,Festive Season Special,86,user_820505,Wellcore Creatine Monohydrate,2024-12-17,37,20376.07
Instagram,Fitness Friday,43,user_732940,HK Vitals Skin Radiance Collagen,2024-03-11,7,6924.75
Instagram,Back to Gym Campaign,70,user_561794,TrueBasics Multivitamin,2024-03-07,29,24725.29
Instagram,Wellness Wednesday,59,user_235830,MuscleBlaze Creatine Monohydrate,2024-05-05,16,12938.52
Instagram,Fitness Friday,43,user_326432,HK Vitals Skin Radiance Collagen,2024-06-18,9,9710.52
Instagram,Summer Body Transformation,30,user_412102,ON Gold Standard 100% Whey Protein,2024-01-02,49,380646.57
Twitter,Fitness Friday,14,user_597123,MuscleBlaze Creatine Monohydrate,2024-04-20,30,26082.9
YouTube,Summer Body Transformation,90,user_404828,HK Vitals Skin Radiance Collagen,2024-08-24,22,30725.78
Instagram,Protein Power Month,11,user_866063,MuscleTech NitroTech Whey Protein,2024-01-28,21,160145.97
YouTube,Summer Body Transformation,85,user_947724,HK Vitals Vitamin C Face Serum,2024-05-13,27,15775.69
YouTube,Back to Gym Campaign,51,user_220887,Wellcore Creatine Monohydrate,2024-09-26,7,4689.92
Instagram,Wellness Wednesday,26,user_197989,HK Vitals Fish Oil,2024-07-05,28,16971.71
Instagram,Wellness Wednesday,17,user_842477,MuscleBlaze WrathX Pre Workout,2024-01-09,50,123696.17
YouTube,Festive Season Special,100,user_624470,HK Vitals Multivitamin,2024-01-28,35,14857.49
YouTube,Protein Power Month,99,user_960527,HK Vitals Multivitamin,2024-06-20,50,32781.67
Instagram,Summer Body Transformation,43,user_352662,MuscleTech NitroTech Whey Protein,2024-09-30,7,47094.83
Instagram,Festive Season Special,13,user_951677,Fuel One Whey Protein Powder,2024-03-10,23,64420.98
Twitter,Protein Power Month,8,user_690074,MuscleBlaze WrathX Pre Workout,2024-08-05,13,21996.12
Instagram,Back to Gym Campaign,24,user_925012,HK Vitals Fish Oil,2024-05-14,27,17699.35
Instagram,Monsoon Immunity Boost,12,user_318252,Wellcore Creatine Monohydrate,2024-05-10,22,11129.84
YouTube,Fitness Friday,42,user_178797,TrueBasics Multivitamin,2024-02-09,13,8744.88
Instagram,Fitness Friday,59,user_563549,Wellcore Creatine Monohydrate,2024-09-28,26,17315.58
Instagram,Fitness Friday,26,user_649932,HK Vitals Fish Oil,2024-05-27,8,4311.89
YouTube,New Year Fitness Challenge,73,user_414439,MuscleBlaze Creatine Monohydrate,2024-08-24,50,30028.86
Instagram,Monsoon Immunity Boost,1,user_959656,HK Vitals Skin Radiance Collagen,2024-06-28,19,20882.91
Facebook,Protein Power Month,20,user_931267,SteelX Protein Shaker,2024-07-01,12,5707.77
Instagram,Festive Season Special,75,user_317544,SteelX Protein Shaker,2024-04-15,34,18475.49
Instagram,Protein Power Month,91,user_678790,MuscleBlaze WrathX Pre Workout,2024-06-06,50,118265.64
Instagram,Protein Power Month,40,user_184027,MuscleBlaze Biozyme Performance Whey Protein,2024-01-27,50,151601.93
Instagram,Festive Season Special,40,user_531221,SteelX Protein Shaker,2024-12-01,50,22579.79
YouTube,Fitness Friday,80,user_410233,Wellcore Creatine Monohydrate,2024-07-22,15,9617.22
Instagram,Wellness Wednesday,1,user_279286,HK Vitals Fish Oil,2024-02-08,5,3184.33
Instagram,Back to Gym Campaign,72,user_574068,SteelX Protein Shaker,2024-09-04,28,10086.8
Instagram,New Year Fitness Challenge,22,user_583540,MuscleTech NitroTech Whey Protein,2024-01-31,50,307117.05
Instagram,Summer Body Transformation,13,user_283434,HK Vitals Fish Oil,2024-01-03,38,22508.21
Instagram,Festive Season Special,68,user_252959,SteelX Protein Shaker,2024-11-13,34,10894.1
YouTube,Protein Power Month,21,user_946601,Wellcore Creatine Monohydrate,2024-07-05,14,7148.31
Twitter,New Year Fitness Challenge,31,user_347654,HK Vitals Fish Oil,2024-08-30,17,11042.67
YouTube,Fitness Friday,90,user_766851,TrueBasics Multivitamin,2024-10-08,8,5431.23
YouTube,Wellness Wednesday,69,user_981945,HK Vitals Multivitamin,2024-10-21,17,11700.97
YouTube,Back to Gym Campaign,58,user_655269,HK Vitals Fish Oil,2024-04-26,10,5559.39
Instagram,New Year Fitness Challenge,16,user_895012,Fuel One Whey Protein Powder,2024-09-05,50,162686.66
Instagram,Protein Power Month,66,user_989272,HK Vitals Multivitamin,2024-05-10,14,8802.68
Instagram,Wellness Wednesday,70,user_877382,HK Vitals Fish Oil,2024-10-11,43,30045.14
Instagram,Back to Gym Campaign,98,user_398280,TrueBasics Multivitamin,2024-07-22,25,24606.73
Instagram,New Year Fitness Challenge,33,user_915904,HK Vitals Multivitamin,2024-11-03,32,14484.24
Twitter,Monsoon Immunity Boost,36,user_649460,Wellcore Creatine Monohydrate,2024-08-06,9,7179.67
Instagram,Protein Power Month,19,user_882254,MuscleBlaze Creatine Monohydrate,2024-09-05,42,33042.71
Instagram,Protein Power Month,27,user_643635,HK Vitals Vitamin C Face Serum,2024-04-27,7,3739.01
Twitter,Summer Body Transformation,38,user_589251,SteelX Protein Shaker,2024-08-22,22,7571.37
YouTube,Festive Season Special,83,user_549975,GNC Pro Performance Power Protein,2024-01-08,18,62533.62
Instagram,Back to Gym Campaign,12,user_206365,TrueBasics Multivitamin,2024-12-02,6,5347.96
Instagram,Wellness Wednesday,49,user_267848,GNC Pro Performance Power Protein,2024-09-29,50,119312.03
YouTube,New Year Fitness Challenge,18,user_386741,TrueBasics Multivitamin,2024-02-10,8,6308.45
Instagram,New Year Fitness Challenge,72,user_750367,TrueBasics Multivitamin,2024-08-14,39,27315.23
Instagram,Summer Body Transformation,49,user_506894,MuscleBlaze Creatine Monohydrate,2024-07-04,33,26283.83
YouTube,Protein Power Month,69,user_755775,SteelX Protein Shaker,2024-01-18,17,5959.07
YouTube,Back to Gym Campaign,87,user_175547,HK Vitals Skin Radiance Collagen,2024-05-10,50,56637.17
Twitter,Wellness Wednesday,4,user_169436,GNC Pro Performance Power Protein,2024-04-04,23,77995.45
Instagram,Fitness Friday,54,user_912046,MuscleBlaze Biozyme Performance Whey Protein,2024-11-07,24,73734.24
Instagram,New Year Fitness Challenge,56,user_664086,MuscleBlaze Creatine Monohydrate,2024-11-19,7,5237.91
Facebook,Monsoon Immunity Boost,6,user_823898,GNC Pro Performance Power Protein,2024-09-17,11,30964.57
Twitter,New Year Fitness Challenge,89,user_556803,GNC Pro Performance Power Protein,2024-10-14,29,70894.1
Twitter,Fitness Friday,28,user_901787,HK Vitals Fish Oil,2024-02-24,5,3048.63
Instagram,Monsoon Immunity Boost,91,user_334499,Fuel One Whey Protein Powder,2024-08-22,50,114441.62
Instagram,Wellness Wednesday,11,user_239079,HK Vitals Skin Radiance Collagen,2024-02-24,42,47575.52
Instagram,Monsoon Immunity Boost,46,user_231066,ON Gold Standard 100% Whey Protein,2024-12-05,15,105047.94
YouTube,Summer Body Transformation,80,user_196194,TrueBasics Multivitamin,2024-03-28,34,25623.76
Instagram,Festive Season Special,19,user_961000,HK Vitals Fish Oil,2024-04-09,28,18294.11
Instagram,Monsoon Immunity Boost,22,user_415812,SteelX Protein Shaker,2024-10-12,50,18789.06
Instagram,Protein Power Month,49,user_164114,TrueBasics Multivitamin,2024-03-30,26,21276.89
Instagram,Monsoon Immunity Boost,26,user_679992,HK Vitals Skin Radiance Collagen,2024-11-19,25,30007.46
Instagram,Back to Gym Campaign,71,user_166210,MuscleBlaze PRE Workout 200 Xtreme,2024-11-11,20,19854.19
Instagram,Monsoon Immunity Boost,30,user_485083,GNC Pro Performance Power Protein,2024-11-19,35,122357.67
Twitter,New Year Fitness Challenge,94,user_506467,HK Vitals Skin Radiance Collagen,2024-01-10,21,29208.5
YouTube,Back to Gym Campaign,53,user_306531,SteelX Protein Shaker,2024-06-29,16,7662.65
Instagram,New Year Fitness Challenge,26,user_935248,HK Vitals Skin Radiance Collagen,2024-07-22,27,33880.72
Instagram,Summer Body Transformation,92,user_203002,MuscleTech NitroTech Whey Protein,2024-02-01,45,272735.61
Instagram,Fitness Friday,96,user_109441,HK Vitals Fish Oil,2024-05-25,22,14515.68
YouTube,Festive Season Special,81,user_327258,TrueBasics Multivitamin,2024-03-21,5,3317.11
YouTube,Monsoon Immunity Boost,99,user_330518,TrueBasics Multivitamin,2024-08-30,50,31286.07
Instagram,Festive Season Special,52,user_942699,HK Vitals Fish Oil,2024-02-28,21,13098.31
Instagram,Wellness Wednesday,10,user_576424,HK Vitals Skin Radiance Collagen,2024-06-15,10,9316.12
YouTube,New Year Fitness Challenge,80,user_636529,Wellcore Creatine Monohydrate,2024-02-20,22,11059.11
Instagram,Wellness Wednesday,55,user_281635,HK Vitals Vitamin C Face Serum,2024-02-06,50,32162.89
YouTube,New Year Fitness Challenge,51,user_811876,SteelX Protein Shaker,2024-11-30,11,6288.25
Twitter,Summer Body Transformation,60,user_328977,HK Vitals Vitamin C Face Serum,2024-08-20,43,26079.46
Instagram,Monsoon Immunity Boost,17,user_847624,MuscleBlaze Biozyme Performance Whey Protein,2024-12-09,26,89552.86
Instagram,Protein Power Month,37,user_536316,GNC Pro Performance Power Protein,2024-06-12,50,114370.42
Instagram,Protein Power Month,71,user_818461,MuscleTech NitroTech Whey Protein,2024-11-09,10,63466.03
Instagram,New Year Fitness Challenge,46,user_791279,Fuel One Whey Protein Powder,2024-02-01,24,53076.81
Instagram,Fitness Friday,2,user_709861,MuscleBlaze PRE Workout 200 Xtreme,2024-12-16,50,55208.19
Instagram,Monsoon Immunity Boost,70,user_313564,MuscleBlaze PRE Workout 200 Xtreme,2024-11-09,23,19542.27
Instagram,Summer Body Transformation,82,user_158959,MuscleBlaze Biozyme Performance Whey Protein,2024-11-25,31,91456.89
Instagram,Summer Body Transformation,37,user_177797,HK Vitals Skin Radiance Collagen,2024-09-17,50,46657.64
Twitter,Monsoon Immunity Boost,60,user_567131,ON Gold Standard 100% Whey Protein,2024-03-18,50,355398.64
YouTube,New Year Fitness Challenge,67,user_320394,SteelX Protein Shaker,2024-11-02,8,4177.0
Instagram,Back to Gym Campaign,98,user_844488,HK Vitals Skin Radiance Collagen,2024-01-09,26,36034.73
Instagram,Wellness Wednesday,27,user_642041,HK Vitals Multivitamin,2024-03-26,17,13026.74
Facebook,Wellness Wednesday,64,user_232928,HK Vitals Multivitamin,2024-10-21,6,2825.59
Twitter,Protein Power Month,77,user_550769,MuscleTech NitroTech Whey Protein,2024-10-29,10,77527.05
Instagram,New Year Fitness Challenge,91,user_607589,Wellcore Creatine Monohydrate,2024-06-05,50,27376.02
Instagram,Protein Power Month,12,user_441887,MuscleBlaze PRE Workout 200 Xtreme,2024-05-04,24,23062.85
Instagram,Festive Season Special,92,user_580223,GNC Pro Performance Power Protein,2024-09-08,50,165713.7
Instagram,Monsoon Immunity Boost,17,user_741716,GNC Pro Performance Power Protein,2024-10-28,38,136080.52
Instagram,Back to Gym Campaign,24,user_421029,ON Gold Standard 100% Whey Protein,2024-02-13,45,330192.01
Twitter,Back to Gym Campaign,8,user_650759,Wellcore Creatine Monohydrate,2024-03-21,34,25474.12
Twitter,Protein Power Month,8,user_661402,MuscleTech NitroTech Whey Protein,2024-08-02,17,100714.77
YouTube,New Year Fitness Challenge,87,user_520223,Wellcore Creatine Monohydrate,2024-01-10,50,35246.44
Instagram,Summer Body Transformation,16,user_958049,HK Vitals Multivitamin,2024-08-30,12,4968.28
YouTube,Wellness Wednesday,81,user_461815,TrueBasics Multivitamin,2024-03-14,7,6166.15
Twitter,Summer Body Transformation,93,user_955097,HK Vitals Skin Radiance Collagen,2024-03-30,11,14914.79
Twitter,Wellness Wednesday,93,user_420348,TrueBasics Multivitamin,2024-05-15,4,3733.58
Twitter,Summer Body Transformation,50,user_642157,HK Vitals Skin Radiance Collagen,2024-06-26,5,6382.45
Twitter,New Year Fitness Challenge,4,user_244157,GNC Pro Performance Power Protein,2024-08-28,15,38063.84
Twitter,Back to Gym Campaign,5,user_247146,GNC Pro Performance Power Protein,2024-08-31,17,38962.0
Instagram,Festive Season Special,91,user_875696,MuscleTech NitroTech Whey Protein,2024-02-18,50,354509.48
Instagram,Festive Season Special,75,user_939254,SteelX Protein Shaker,2024-05-10,8,2604.84
Instagram,Fitness Friday,66,user_772989,MuscleBlaze Creatine Monohydrate,2024-11-09,50,32074.33
Facebook,Protein Power Month,57,user_111699,MuscleBlaze PRE Workout 200 Xtreme,2024-08-17,35,39469.39
Instagram,Fitness Friday,75,user_196100,HK Vitals Skin Radiance Collagen,2024-12-29,16,17161.47
Instagram,Summer Body Transformation,37,user_272501,MuscleBlaze PRE Workout 200 Xtreme,2024-03-25,50,48220.96
Instagram,Wellness Wednesday,22,user_822293,SteelX Protein Shaker,2024-05-08,50,21649.45
Instagram,Back to Gym Campaign,13,user_438441,GNC Pro Performance Power Protein,2024-07-15,28,67298.16
Instagram,Fitness Friday,63,user_207016,MuscleBlaze Creatine Monohydrate,2024-01-06,47,33413.97
Facebook,Summer Body Transformation,64,user_120518,GNC Pro Performance Power Protein,2024-01-02,7,20136.09
Instagram,Monsoon Immunity Boost,48,user_213351,MuscleBlaze Biozyme Performance Whey Protein,2024-06-15,22,61085.41
Instagram,Festive Season Special,24,user_957112,MuscleTech NitroTech Whey Protein,2024-06-26,39,246558.11
Facebook,New Year Fitness Challenge,15,user_966287,MuscleBlaze PRE Workout 200 Xtreme,2024-01-07,25,21768.38
Instagram,Back to Gym Campaign,55,user_519509,MuscleBlaze Creatine Monohydrate,2024-12-10,50,32087.42
Instagram,New Year Fitness Challenge,82,user_759334,HK Vitals Skin Radiance Collagen,2024-02-26,15,16273.6
Facebook,Monsoon Immunity Boost,6,user_669094,HK Vitals Skin Radiance Collagen,2024-01-13,33,33747.8
Twitter,Fitness Friday,32,user_635799,Wellcore Creatine Monohydrate,2024-10-31,13,9345.47
YouTube,Fitness Friday,73,user_109700,MuscleBlaze PRE Workout 200 Xtreme,2024-10-17,50,46353.87
Twitter,Protein Power Month,60,user_840514,HK Vitals Vitamin C Face Serum,2024-03-22,16,9638.49
Instagram,Protein Power Month,82,user_798523,GNC Pro Performance Power Protein,2024-08-19,50,169761.61
Instagram,New Year Fitness Challenge,17,user_919791,MuscleBlaze Creatine Monohydrate,2024-11-14,50,37800.74
Instagram,Back to Gym Campaign,48,user_725979,Wellcore Creatine Monohydrate,2024-06-14,31,23392.03
Instagram,Protein Power Month,3,user_686777,ON Gold Standard 100% Whey Protein,2024-07-30,43,311469.39
Instagram,Festive Season Special,56,user_798500,HK Vitals Skin Radiance Collagen,2024-08-04,10,13193.84
Instagram,Fitness Friday,47,user_349109,MuscleTech NitroTech Whey Protein,2024-06-12,9,53224.87
Instagram,Protein Power Month,54,user_852004,HK Vitals Multivitamin,2024-07-14,50,30868.35
YouTube,Back to Gym Campaign,83,user_743050,HK Vitals Vitamin C Face Serum,2024-11-25,4,2000.53
Instagram,Festive Season Special,65,user_882971,GNC Pro Performance Power Protein,2024-10-13,18,44889.33
YouTube,Festive Season Special,34,user_274626,MuscleBlaze Biozyme Performance Whey Protein,2024-08-04,4,12036.89
Twitter,Back to Gym Campaign,45,user_273527,MuscleBlaze Creatine Monohydrate,2024-05-24,21,15932.24
Instagram,Protein Power Month,59,user_305990,HK Vitals Vitamin C Face Serum,2024-01-10,16,8574.11
Instagram,Wellness Wednesday,12,user_254812,TrueBasics Multivitamin,2024-11-23,14,13545.52
YouTube,Wellness Wednesday,21,user_611276,HK Vitals Skin Radiance Collagen,2024-03-10,9,10921.44
Twitter,Back to Gym Campaign,93,user_416994,SteelX Protein Shaker,2024-08-10,5,2088.64
YouTube,Wellness Wednesday,99,user_700751,HK Vitals Skin Radiance Collagen,2024-08-22,50,55107.14
Instagram,Summer Body Transformation,41,user_327260,HK Vitals Fish Oil,2024-02-11,21,14294.96
YouTube,Protein Power Month,29,user_689636,MuscleTech NitroTech Whey Protein,2024-12-25,15,97181.63
Facebook,Back to Gym Campaign,6,user_583919,MuscleBlaze PRE Workout 200 Xtreme,2024-02-01,17,15483.23
Twitter,Monsoon Immunity Boost,88,user_704141,ON Gold Standard 100% Whey Protein,2024-03-16,9,72038.52
Instagram,Protein Power Month,82,user_609328,HK Vitals Vitamin C Face Serum,2024-12-23,50,28461.61
Twitter,Monsoon Immunity Boost,14,user_973576,MuscleBlaze Creatine Monohydrate,2024-11-08,37,29250.07
Instagram,Fitness Friday,13,user_277785,MuscleBlaze WrathX Pre Workout,2024-03-11,29,52567.41
Instagram,Wellness Wednesday,82,user_522868,HK Vitals Skin Radiance Collagen,2024-11-16,19,19004.89
YouTube,Fitness Friday,85,user_150493,MuscleBlaze Creatine Monohydrate,2024-06-27,25,19591.05
Instagram,Festive Season Special,52,user_383409,Wellcore Creatine Monohydrate,2024-09-02,50,34797.48
Twitter,Wellness Wednesday,4,user_798272,HK Vitals Skin Radiance Collagen,2024-08-01,8,9383.66
Instagram,Wellness Wednesday,10,user_301341,GNC Pro Performance Power Protein,2024-08-06,7,21012.89
Instagram,New Year Fitness Challenge,12,user_130521,TrueBasics Multivitamin,2024-08-24,8,5340.15
Twitter,Monsoon Immunity Boost,88,user_739155,Wellcore Creatine Monohydrate,2024-01-15,33,21172.62
Instagram,Fitness Friday,13,user_857809,GNC Pro Performance Power Protein,2024-07-17,9,23335.95
Instagram,Back to Gym Campaign,43,user_512475,ON Gold Standard 100% Whey Protein,2024-11-13,4,28863.56
Twitter,Summer Body Transformation,94,user_475584,MuscleBlaze WrathX Pre Workout,2024-12-20,16,33031.11
Twitter,Festive Season Special,77,user_380589,HK Vitals Skin Radiance Collagen,2024-07-25,9,11501.23
Instagram,Back to Gym Campaign,75,user_939869,MuscleBlaze Biozyme Performance Whey Protein,2024-06-22,15,50541.33
YouTube,Monsoon Immunity Boost,42,user_165556,HK Vitals Multivitamin,2024-09-26,22,10022.64
Twitter,Summer Body Transformation,8,user_249824,MuscleTech NitroTech Whey Protein,2024-03-06,45,250495.27
Instagram,Fitness Friday,63,user_219297,GNC Pro Performance Power Protein,2024-09-27,50,110924.4
Instagram,Back to Gym Campaign,37,user_134197,GNC Pro Performance Power Protein,2024-05-10,50,138583.94
Instagram,Monsoon Immunity Boost,62,user_208987,ON Gold Standard 100% Whey Protein,2024-04-25,28,214631.81
Instagram,Monsoon Immunity Boost,2,user_903583,SteelX Protein Shaker,2024-10-17,50,15982.83
Instagram,Protein Power Month,24,user_884735,HK Vitals Fish Oil,2024-05-01,30,16257.58
YouTube,Protein Power Month,73,user_501282,HK Vitals Fish Oil,2024-07-30,50,30233.96
Twitter,Fitness Friday,93,user_216457,MuscleBlaze PRE Workout 200 Xtreme,2024-10-08,8,8821.14
Instagram,Wellness Wednesday,30,user_758282,Fuel One Whey Protein Powder,2024-12-01,36,97165.9
Instagram,Fitness Friday,74,user_712732,SteelX Protein Shaker,2024-08-13,27,14119.67
YouTube,Festive Season Special,85,user_270651,SteelX Protein Shaker,2024-01-02,8,4286.47
YouTube,Protein Power Month,53,user_488946,MuscleTech NitroTech Whey Protein,2024-09-22,14,98899.8
Twitter,Festive Season Special,93,user_850564,MuscleTech NitroTech Whey Protein,2024-05-17,10,74156.98
Twitter,Fitness Friday,60,user_929928,Wellcore Creatine Monohydrate,2024-06-15,32,18805.54
Facebook,Summer Body Transformation,15,user_313165,SteelX Protein Shaker,2024-05-17,13,4702.67
Instagram,Protein Power Month,13,user_180106,HK Vitals Vitamin C Face Serum,2024-04-29,25,12771.18
YouTube,Festive Season Special,90,user_266707,HK Vitals Fish Oil,2024-08-07,9,5016.84
YouTube,Fitness Friday,23,user_431052,SteelX Protein Shaker,2024-09-27,3,983.14
Instagram,Festive Season Special,86,user_755600,HK Vitals Vitamin C Face Serum,2024-02-02,36,19073.82
Twitter,Wellness Wednesday,31,user_543292,MuscleBlaze Biozyme Performance Whey Protein,2024-06-01,8,24166.07
Instagram,New Year Fitness Challenge,48,user_114972,MuscleTech NitroTech Whey Protein,2024-10-08,13,83301.42
Instagram,Back to Gym Campaign,70,user_958012,MuscleTech NitroTech Whey Protein,2024-01-21,26,155201.75
Instagram,Festive Season Special,52,user_994266,GNC Pro Performance Power Protein,2024-05-26,45,122581.14
YouTube,Back to Gym Campaign,90,user_117190,MuscleTech NitroTech Whey Protein,2024-04-03,11,65009.91
Instagram,Summer Body Transformation,19,user_768364,HK Vitals Skin Radiance Collagen,2024-09-25,20,19041.35
Instagram,New Year Fitness Challenge,56,user_411055,Wellcore Creatine Monohydrate,2024-07-14,14,10834.96
Facebook,Monsoon Immunity Boost,6,user_440600,MuscleTech NitroTech Whey Protein,2024-09-28,20,119774.92
YouTube,Fitness Friday,83,user_730223,Wellcore Creatine Monohydrate,2024-11-14,8,4968.59
Instagram,Wellness Wednesday,24,user_438982,HK Vitals Skin Radiance Collagen,2024-08-06,50,46176.21
Instagram,Fitness Friday,48,user_904656,HK Vitals Multivitamin,2024-10-04,29,22814.69
Instagram,New Year Fitness Challenge,43,user_876442,HK Vitals Fish Oil,2024-08-29,4,2111.5
Instagram,Monsoon Immunity Boost,1,user_228771,Wellcore Creatine Monohydrate,2024-04-25,6,3373.97
YouTube,Festive Season Special,69,user_799653,MuscleBlaze Biozyme Performance Whey Protein,2024-06-26,20,53924.32
Instagram,Protein Power Month,10,user_188297,HK Vitals Skin Radiance Collagen,2024-04-28,8,8949.38
Facebook,Fitness Friday,95,user_980262,HK Vitals Multivitamin,2024-09-05,7,3346.02
Instagram,Summer Body Transformation,13,user_582611,MuscleBlaze Biozyme Performance Whey Protein,2024-06-26,30,83976.45
Instagram,Fitness Friday,75,user_833845,HK Vitals Skin Radiance Collagen,2024-10-26,18,22901.86
Instagram,Festive Season Special,55,user_686171,MuscleTech NitroTech Whey Protein,2024-11-18,29,186361.84
Instagram,Wellness Wednesday,68,user_993519,MuscleBlaze PRE Workout 200 Xtreme,2024-07-01,29,29535.03
Instagram,Monsoon Immunity Boost,39,user_645283,ON Gold Standard 100% Whey Protein,2024-10-05,50,434775.44
Facebook,Monsoon Immunity Boost,64,user_593633,TrueBasics Multivitamin,2024-02-08,6,5002.02
Instagram,New Year Fitness Challenge,10,user_742041,MuscleBlaze WrathX Pre Workout,2024-07-29,13,32257.87
YouTube,Monsoon Immunity Boost,42,user_890537,MuscleTech NitroTech Whey Protein,2024-10-09,13,89755.67
YouTube,Monsoon Immunity Boost,69,user_572218,MuscleTech NitroTech Whey Protein,2024-07-20,11,65428.68
Instagram,Summer Body Transformation,19,user_500231,MuscleTech NitroTech Whey Protein,2024-08-22,12,88734.66
Instagram,Wellness Wednesday,70,user_243791,GNC Pro Performance Power Protein,2024-03-17,50,147604.84
Facebook,Fitness Friday,20,user_481484,TrueBasics Multivitamin,2024-06-01,18,17819.97
Twitter,Protein Power Month,79,user_755905,GNC Pro Performance Power Protein,2024-10-31,15,38139.64
Instagram,New Year Fitness Challenge,30,user_139358,ON Gold Standard 100% Whey Protein,2024-06-26,45,362019.1
Twitter,Wellness Wednesday,50,user_290863,MuscleBlaze PRE Workout 200 Xtreme,2024-06-09,3,2898.43
Instagram,Monsoon Immunity Boost,12,user_767335,GNC Pro Performance Power Protein,2024-06-09,13,30945.32
YouTube,Back to Gym Campaign,83,user_714775,MuscleBlaze PRE Workout 200 Xtreme,2024-02-13,10,8223.52
Instagram,Summer Body Transformation,70,user_720940,MuscleTech NitroTech Whey Protein,2024-08-12,24,133876.55
YouTube,Fitness Friday,58,user_630890,MuscleBlaze PRE Workout 200 Xtreme,2024-12-20,5,4947.51
Twitter,Summer Body Transformation,31,user_627266,GNC Pro Performance Power Protein,2024-04-08,29,83329.84
Instagram,Fitness Friday,70,user_127654,MuscleBlaze WrathX Pre Workout,2024-11-20,49,75181.79
Instagram,Wellness Wednesday,43,user_943633,HK Vitals Fish Oil,2024-09-09,5,2841.66
Instagram,Festive Season Special,98,user_563676,ON Gold Standard 100% Whey Protein,2024-10-17,28,205611.74
Twitter,New Year Fitness Challenge,38,user_263430,Wellcore Creatine Monohydrate,2024-01-09,20,10834.68
Instagram,Monsoon Immunity Boost,33,user_698751,Fuel One Whey Protein Powder,2024-06-28,28,71558.34
Instagram,Summer Body Transformation,33,user_887046,Wellcore Creatine Monohydrate,2024-05-28,40,20029.6
Twitter,Wellness Wednesday,89,user_379128,SteelX Protein Shaker,2024-12-03,43,21186.86
Instagram,Back to Gym Campaign,62,user_828533,MuscleBlaze Creatine Monohydrate,2024-01-22,14,9467.48
Facebook,Fitness Friday,6,user_816359,HK Vitals Multivitamin,2024-05-02,31,22970.84
YouTube,Back to Gym Campaign,21,user_111351,TrueBasics Multivitamin,2024-09-07,7,4466.5
Facebook,Wellness Wednesday,95,user_132499,MuscleBlaze WrathX Pre Workout,2024-12-16,4,9081.77
YouTube,Protein Power Month,69,user_822259,HK Vitals Multivitamin,2024-01-01,6,4179.61
Twitter,Festive Season Special,4,user_112845,MuscleBlaze WrathX Pre Workout,2024-06-16,21,41389.94
Instagram,Summer Body Transformation,59,user_536633,MuscleBlaze Biozyme Performance Whey Protein,2024-02-07,26,70234.61
Instagram,Wellness Wednesday,74,user_297739,MuscleBlaze Biozyme Performance Whey Protein,2024-08-09,14,39146.06
Twitter,Monsoon Immunity Boost,36,user_428545,Fuel One Whey Protein Powder,2024-12-27,20,47389.32
Twitter,Protein Power Month,79,user_846889,TrueBasics Multivitamin,2024-12-22,11,9239.33
Twitter,New Year Fitness Challenge,50,user_572588,MuscleTech NitroTech Whey Protein,2024-05-08,7,41896.07
Instagram,Fitness Friday,49,user_827056,Wellcore Creatine Monohydrate,2024-08-09,50,33790.89
Instagram,Wellness Wednesday,24,user_985790,ON Gold Standard 100% Whey Protein,2024-09-29,25,220194.27
Instagram,Wellness Wednesday,72,user_348629,HK Vitals Fish Oil,2024-07-26,50,33289.97
YouTube,Protein Power Month,18,user_855251,MuscleBlaze Creatine Monohydrate,2024-05-16,8,4869.54
Instagram,Festive Season Special,17,user_848615,MuscleBlaze PRE Workout 200 Xtreme,2024-12-19,19,21920.42
Instagram,Fitness Friday,40,user_208745,MuscleBlaze WrathX Pre Workout,2024-04-12,50,95579.54
Instagram,Monsoon Immunity Boost,98,user_493959,MuscleTech NitroTech Whey Protein,2024-02-23,9,54295.36
Facebook,Fitness Friday,15,user_679415,Fuel One Whey Protein Powder,2024-06-23,30,76602.34
YouTube,New Year Fitness Challenge,53,user_652776,HK Vitals Fish Oil,2024-09-19,15,10155.38
Instagram,Fitness Friday,41,user_929150,HK Vitals Multivitamin,2024-08-14,16,6613.76
Twitter,Wellness Wednesday,38,user_247518,MuscleTech NitroTech Whey Protein,2024-06-26,11,61084.29
Twitter,Wellness Wednesday,45,user_885794,MuscleBlaze Creatine Monohydrate,2024-05-16,20,13487.93
Instagram,Wellness Wednesday,72,user_454322,HK Vitals Fish Oil,2024-05-12,32,20091.28
Instagram,Protein Power Month,63,user_267748,Wellcore Creatine Monohydrate,2024-05-05,20,15785.65
Instagram,Monsoon Immunity Boost,66,user_189612,MuscleTech NitroTech Whey Protein,2024-03-12,36,274588.94
Instagram,New Year Fitness Challenge,33,user_787543,GNC Pro Performance Power Protein,2024-10-04,50,112708.15
Instagram,Monsoon Immunity Boost,16,user_852751,Fuel One Whey Protein Powder,2024-03-29,50,123579.16
Twitter,Monsoon Immunity Boost,60,user_318926,MuscleBlaze WrathX Pre Workout,2024-04-10,25,56703.32
Instagram,Fitness Friday,54,user_417192,MuscleBlaze WrathX Pre Workout,2024-08-08,39,64745.42
YouTube,Protein Power Month,23,user_242025,MuscleBlaze WrathX Pre Workout,2024-05-17,4,6816.19
YouTube,Monsoon Immunity Boost,80,user_805896,MuscleBlaze Biozyme Performance Whey Protein,2024-05-11,18,47748.39
Instagram,Summer Body Transformation,26,user_938558,HK Vitals Fish Oil,2024-02-05,10,5462.74
Instagram,Protein Power Month,84,user_801921,MuscleBlaze Creatine Monohydrate,2024-03-08,50,39566.49
Twitter,Festive Season Special,79,user_184219,HK Vitals Multivitamin,2024-10-04,18,13272.79
Instagram,Wellness Wednesday,98,user_810107,MuscleBlaze Biozyme Performance Whey Protein,2024-06-23,9,27036.36
Facebook,Fitness Friday,6,user_430362,Fuel One Whey Protein Powder,2024-09-19,21,50957.38
Instagram,Monsoon Immunity Boost,78,user_691917,MuscleBlaze Biozyme Performance Whey Protein,2024-06-03,11,38079.23
Instagram,New Year Fitness Challenge,39,user_877273,HK Vitals Skin Radiance Collagen,2024-11-29,22,23589.04
Instagram,New Year Fitness Challenge,68,user_546736,GNC Pro Performance Power Protein,2024-03-24,39,107972.19
Instagram,New Year Fitness Challenge,16,user_130399,HK Vitals Fish Oil,2024-06-23,33,20655.9
YouTube,Summer Body Transformation,87,user_204677,SteelX Protein Shaker,2024-04-02,50,29886.65
Instagram,Monsoon Immunity Boost,66,user_586991,MuscleTech NitroTech Whey Protein,2024-11-29,30,181014.6
Instagram,New Year Fitness Challenge,66,user_196756,MuscleBlaze WrathX Pre Workout,2024-06-18,29,53415.32
Instagram,New Year Fitness Challenge,19,user_201668,SteelX Protein Shaker,2024-02-08,32,10256.82
Twitter,New Year Fitness Challenge,79,user_338345,ON Gold Standard 100% Whey Protein,2024-06-28,31,230628.28
Instagram,Festive Season Special,39,user_848632,TrueBasics Multivitamin,2024-10-23,50,30348.44
YouTube,Summer Body Transformation,42,user_668706,ON Gold Standard 100% Whey Protein,2024-12-11,14,122943.77
Instagram,Festive Season Special,56,user_519020,MuscleBlaze PRE Workout 200 Xtreme,2024-06-02,11,10774.34
Twitter,Summer Body Transformation,32,user_134287,HK Vitals Fish Oil,2024-06-30,14,7895.3
Instagram,Monsoon Immunity Boost,63,user_472468,MuscleBlaze WrathX Pre Workout,2024-03-17,44,85488.4
Twitter,New Year Fitness Challenge,36,user_140957,MuscleTech NitroTech Whey Protein,2024-11-07,9,52137.41
Instagram,Protein Power Month,1,user_442199,Wellcore Creatine Monohydrate,2024-03-01,5,3408.64
YouTube,New Year Fitness Challenge,99,user_295661,HK Vitals Skin Radiance Collagen,2024-06-30,50,47480.49
Instagram,Festive Season Special,3,user_135494,MuscleBlaze PRE Workout 200 Xtreme,2024-05-13,38,45129.92
Instagram,New Year Fitness Challenge,52,user_417324,HK Vitals Fish Oil,2024-09-28,50,34076.48
Facebook,Festive Season Special,20,user_625946,GNC Pro Performance Power Protein,2024-03-27,13,36070.5
Instagram,New Year Fitness Challenge,22,user_405954,Fuel One Whey Protein Powder,2024-10-10,50,135821.49
YouTube,Wellness Wednesday,69,user_254564,ON Gold Standard 100% Whey Protein,2024-01-22,12,103824.12
YouTube,Wellness Wednesday,87,user_111297,HK Vitals Multivitamin,2024-02-27,50,37107.55
Instagram,New Year Fitness Challenge,30,user_532361,ON Gold Standard 100% Whey Protein,2024-07-04,50,439248.02
Instagram,New Year Fitness Challenge,11,user_459967,HK Vitals Multivitamin,2024-07-22,50,23202.67
Instagram,Festive Season Special,63,user_224551,MuscleBlaze Biozyme Performance Whey Protein,2024-08-24,14,36239.68
Twitter,Protein Power Month,45,user_225059,HK Vitals Multivitamin,2024-08-21,13,8981.42
Twitter,New Year Fitness Challenge,5,user_810216,ON Gold Standard 100% Whey Protein,2024-01-31,27,191160.81
Instagram,Protein Power Month,19,user_157650,MuscleBlaze PRE Workout 200 Xtreme,2024-02-24,8,8533.94
Twitter,New Year Fitness Challenge,50,user_651650,HK Vitals Skin Radiance Collagen,2024-11-08,5,5719.72
Instagram,Monsoon Immunity Boost,48,user_444614,HK Vitals Multivitamin,2024-02-08,50,30326.77
Facebook,Wellness Wednesday,15,user_624030,MuscleTech NitroTech Whey Protein,2024-12-12,16,122900.89
Twitter,Protein Power Month,38,user_347219,MuscleBlaze Biozyme Performance Whey Protein,2024-05-18,21,58316.65
Instagram,Wellness Wednesday,92,user_585726,ON Gold Standard 100% Whey Protein,2024-12-22,50,372151.99
Instagram,Festive Season Special,82,user_225028,MuscleBlaze PRE Workout 200 Xtreme,2024-09-12,50,59809.8
YouTube,Festive Season Special,23,user_106966,Wellcore Creatine Monohydrate,2024-09-18,19,10694.6
Instagram,Back to Gym Campaign,2,user_322732,HK Vitals Skin Radiance Collagen,2024-09-18,50,47716.03
Instagram,Back to Gym Campaign,39,user_639365,Wellcore Creatine Monohydrate,2024-02-28,39,19687.7
Facebook,New Year Fitness Challenge,20,user_612484,MuscleBlaze Creatine Monohydrate,2024-12-19,38,23856.32
YouTube,Back to Gym Campaign,90,user_387786,MuscleBlaze Biozyme Performance Whey Protein,2024-03-29,19,60478.84
Twitter,Fitness Friday,14,user_137583,GNC Pro Performance Power Protein,2024-04-09,27,91819.37
Twitter,Protein Power Month,88,user_241925,ON Gold Standard 100% Whey Protein,2024-05-10,21,174633.62
YouTube,Back to Gym Campaign,99,user_383142,Wellcore Creatine Monohydrate,2024-11-30,50,27962.24
Twitter,Festive Season Special,32,user_943662,MuscleBlaze PRE Workout 200 Xtreme,2024-03-09,14,13645.3
YouTube,Wellness Wednesday,7,user_664552,MuscleTech NitroTech Whey Protein,2024-11-29,22,129016.34
YouTube,New Year Fitness Challenge,18,user_711910,HK Vitals Multivitamin,2024-03-26,7,4857.5
Instagram,Fitness Friday,91,user_941031,MuscleBlaze WrathX Pre Workout,2024-05-10,50,79266.95
Twitter,Summer Body Transformation,5,user_595074,HK Vitals Multivitamin,2024-09-13,19,8375.06
Instagram,Wellness Wednesday,44,user_587108,ON Gold Standard 100% Whey Protein,2024-12-28,50,354701.01
YouTube,Back to Gym Campaign,80,user_422783,HK Vitals Skin Radiance Collagen,2024-12-20,42,57305.98
Twitter,Monsoon Immunity Boost,88,user_162733,HK Vitals Skin Radiance Collagen,2024-11-30,23,26723.42
Instagram,New Year Fitness Challenge,44,user_607652,HK Vitals Skin Radiance Collagen,2024-01-05,50,46780.05
Instagram,Summer Body Transformation,71,user_227992,HK Vitals Multivitamin,2024-02-21,26,16303.04
Instagram,Summer Body Transformation,71,user_982958,MuscleBlaze Creatine Monohydrate,2024-12-15,13,10683.13
Instagram,Monsoon Immunity Boost,9,user_472664,MuscleBlaze Biozyme Performance Whey Protein,2024-08-11,50,133690.54
Instagram,New Year Fitness Challenge,70,user_917795,MuscleBlaze Creatine Monohydrate,2024-06-19,33,25759.84
Instagram,Festive Season Special,16,user_687033,Fuel One Whey Protein Powder,2024-12-23,13,37501.44
YouTube,Summer Body Transformation,85,user_950091,Wellcore Creatine Monohydrate,2024-07-13,14,11074.96
Instagram,Wellness Wednesday,40,user_492687,HK Vitals Fish Oil,2024-08-28,50,34365.95
Instagram,Summer Body Transformation,76,user_472202,SteelX Protein Shaker,2024-12-09,11,4682.07
YouTube,Summer Body Transformation,81,user_339793,HK Vitals Skin Radiance Collagen,2024-01-24,5,5687.23
Twitter,Protein Power Month,89,user_403692,Fuel One Whey Protein Powder,2024-02-01,42,126779.58
Twitter,Monsoon Immunity Boost,32,user_989199,MuscleTech NitroTech Whey Protein,2024-05-16,10,73497.18
Facebook,Wellness Wednesday,95,user_930043,ON Gold Standard 100% Whey Protein,2024-09-14,14,99588.08
Instagram,New Year Fitness Challenge,41,user_256913,MuscleBlaze Creatine Monohydrate,2024-12-13,17,12023.92
YouTube,Wellness Wednesday,23,user_696965,HK Vitals Fish Oil,2024-08-20,9,4997.92
Instagram,New Year Fitness Challenge,52,user_527275,HK Vitals Multivitamin,2024-07-01,50,20774.59
Twitter,Back to Gym Campaign,77,user_938454,ON Gold Standard 100% Whey Protein,2024-10-11,5,44836.28
Instagram,Wellness Wednesday,48,user_597418,MuscleBlaze Creatine Monohydrate,2024-03-23,30,22648.23
Instagram,New Year Fitness Challenge,43,user_190670,MuscleBlaze Creatine Monohydrate,2024-04-04,11,8823.15
Instagram,Back to Gym Campaign,39,user_642456,TrueBasics Multivitamin,2024-03-25,50,44736.38
Facebook,New Year Fitness Challenge,6,user_420084,HK Vitals Fish Oil,2024-05-23,13,8629.43
Instagram,Fitness Friday,62,user_988193,HK Vitals Skin Radiance Collagen,2024-04-11,27,32532.09
Instagram,Monsoon Immunity Boost,98,user_190116,MuscleBlaze WrathX Pre Workout,2024-11-20,21,39837.57
Instagram,Protein Power Month,46,user_638767,ON Gold Standard 100% Whey Protein,2024-07-12,24,213419.56
Instagram,Festive Season Special,84,user_121149,MuscleTech NitroTech Whey Protein,2024-04-26,50,331692.37
Twitter,Festive Season Special,79,user_839802,ON Gold Standard 100% Whey Protein,2024-08-08,12,105678.22
Instagram,Summer Body Transformation,33,user_119960,HK Vitals Multivitamin,2024-04-16,50,32469.88
Instagram,Wellness Wednesday,56,user_111142,HK Vitals Skin Radiance Collagen,2024-09-06,14,19128.5
YouTube,Fitness Friday,67,user_665631,MuscleBlaze Biozyme Performance Whey Protein,2024-04-07,9,23113.57
Instagram,Protein Power Month,54,user_279152,ON Gold Standard 100% Whey Protein,2024-11-01,50,408412.85
YouTube,Wellness Wednesday,21,user_313295,GNC Pro Performance Power Protein,2024-09-20,5,11229.75
Facebook,Festive Season Special,64,user_847677,ON Gold Standard 100% Whey Protein,2024-05-12,10,75181.45
Facebook,Fitness Friday,57,user_344487,MuscleTech NitroTech Whey Protein,2024-11-03,15,114899.29
Instagram,Back to Gym Campaign,12,user_931682,Wellcore Creatine Monohydrate,2024-04-27,11,7750.48
Instagram,Monsoon Immunity Boost,65,user_525215,SteelX Protein Shaker,2024-04-05,12,6350.06
YouTube,Monsoon Immunity Boost,42,user_644921,MuscleBlaze PRE Workout 200 Xtreme,2024-03-20,16,16178.17
YouTube,Fitness Friday,83,user_830181,HK Vitals Fish Oil,2024-07-08,21,13822.4
Instagram,Wellness Wednesday,24,user_103929,HK Vitals Skin Radiance Collagen,2024-01-14,33,41939.4
Instagram,Summer Body Transformation,71,user_739134,ON Gold Standard 100% Whey Protein,2024-06-02,20,161724.36
Twitter,Summer Body Transformation,8,user_743160,HK Vitals Fish Oil,2024-05-26,13,7316.75
Twitter,Wellness Wednesday,5,user_786489,HK Vitals Skin Radiance Collagen,2024-04-30,43,44264.22
Instagram,Festive Season Special,92,user_447378,GNC Pro Performance Power Protein,2024-05-08,23,79854.86
Facebook,Wellness Wednesday,20,user_419946,Fuel One Whey Protein Powder,2024-05-15,8,23755.13
YouTube,Summer Body Transformation,23,user_353989,HK Vitals Multivitamin,2024-01-07,5,2425.69
Instagram,Festive Season Special,19,user_763459,HK Vitals Vitamin C Face Serum,2024-10-23,24,12976.87
Instagram,New Year Fitness Challenge,26,user_199648,Fuel One Whey Protein Powder,2024-11-16,10,26489.51
YouTube,Festive Season Special,29,user_198786,MuscleBlaze Creatine Monohydrate,2024-06-24,5,3301.53
Instagram,Protein Power Month,72,user_454349,HK Vitals Skin Radiance Collagen,2024-05-16,50,56880.56
Instagram,Fitness Friday,55,user_104741,MuscleBlaze Biozyme Performance Whey Protein,2024-04-28,50,129556.96
YouTube,Back to Gym Campaign,69,user_194068,MuscleBlaze Creatine Monohydrate,2024-04-23,17,14042.35
Instagram,Fitness Friday,49,user_359343,SteelX Protein Shaker,2024-05-15,17,5293.15
Instagram,Protein Power Month,61,user_817363,ON Gold Standard 100% Whey Protein,2024-11-08,10,81687.35
Twitter,Back to Gym Campaign,94,user_981566,GNC Pro Performance Power Protein,2024-03-25,33,95508.85
Instagram,Wellness Wednesday,78,user_376925,MuscleBlaze Biozyme Performance Whey Protein,2024-05-18,20,66989.07
YouTube,Festive Season Special,21,user_165440,MuscleBlaze WrathX Pre Workout,2024-09-11,11,20142.25
Instagram,Monsoon Immunity Boost,30,user_592342,SteelX Protein Shaker,2024-07-22,50,28960.99
Instagram,Wellness Wednesday,13,user_857273,HK Vitals Skin Radiance Collagen,2024-09-11,5,4600.33
YouTube,New Year Fitness Challenge,83,user_808119,MuscleTech NitroTech Whey Protein,2024-11-07,13,84826.32
Twitter,New Year Fitness Challenge,60,user_929315,HK Vitals Fish Oil,2024-12-17,25,17169.08
Instagram,Monsoon Immunity Boost,55,user_924730,Fuel One Whey Protein Powder,2024-09-01,44,124978.09
Twitter,Fitness Friday,50,user_311847,HK Vitals Vitamin C Face Serum,2024-08-28,5,2981.66
Facebook,Summer Body Transformation,6,user_494519,HK Vitals Fish Oil,2024-03-02,19,10596.46
Instagram,Wellness Wednesday,91,user_199618,HK Vitals Fish Oil,2024-02-19,50,26075.29
Twitter,Monsoon Immunity Boost,60,user_871082,MuscleTech NitroTech Whey Protein,2024-10-12,50,305880.7
Instagram,Summer Body Transformation,92,user_399702,SteelX Protein Shaker,2024-07-05,17,7897.87
Instagram,Festive Season Special,9,user_852294,HK Vitals Vitamin C Face Serum,2024-06-09,44,23560.53
Twitter,Back to Gym Campaign,28,user_650877,HK Vitals Multivitamin,2024-12-29,12,6441.14
YouTube,Back to Gym Campaign,85,user_433985,HK Vitals Multivitamin,2024-05-10,8,5138.73
Instagram,Fitness Friday,40,user_748295,MuscleBlaze PRE Workout 200 Xtreme,2024-02-18,50,55838.64
Instagram,Wellness Wednesday,48,user_807701,MuscleBlaze Biozyme Performance Whey Protein,2024-03-09,21,68861.7
Instagram,Back to Gym Campaign,72,user_102470,Fuel One Whey Protein Powder,2024-05-25,22,59079.01
Twitter,Summer Body Transformation,5,user_345830,MuscleBlaze Biozyme Performance Whey Protein,2024-03-10,12,37475.91
Instagram,Monsoon Immunity Boost,25,user_951842,TrueBasics Multivitamin,2024-03-25,16,15881.23
Instagram,Summer Body Transformation,13,user_667095,MuscleBlaze WrathX Pre Workout,2024-04-14,17,42027.59
Twitter,Fitness Friday,60,user_571185,HK Vitals Multivitamin,2024-05-07,50,25736.87
Instagram,Wellness Wednesday,48,user_666515,Wellcore Creatine Monohydrate,2024-06-02,31,17387.99
YouTube,Monsoon Immunity Boost,100,user_344487,Wellcore Creatine Monohydrate,2024-02-24,8,4605.89
Instagram,Summer Body Transformation,25,user_819475,HK Vitals Skin Radiance Collagen,2024-05-10,23,21611.14
Instagram,Fitness Friday,55,user_570792,HK Vitals Fish Oil,2024-09-28,43,27658.15
YouTube,Festive Season Special,97,user_207341,GNC Pro Performance Power Protein,2024-02-06,50,120295.59
Instagram,Back to Gym Campaign,13,user_882954,MuscleBlaze Biozyme Performance Whey Protein,2024-07-20,8,24011.04
Facebook,Protein Power Month,20,user_470425,TrueBasics Multivitamin,2024-05-15,27,19489.19
Instagram,New Year Fitness Challenge,12,user_288478,HK Vitals Vitamin C Face Serum,2024-02-12,10,5334.07
Instagram,Summer Body Transformation,37,user_788904,HK Vitals Skin Radiance Collagen,2024-10-09,50,56435.16
Instagram,New Year Fitness Challenge,91,user_293601,MuscleBlaze PRE Workout 200 Xtreme,2024-01-28,50,53045.64
YouTube,Monsoon Immunity Boost,42,user_355101,MuscleBlaze WrathX Pre Workout,2024-10-04,8,12649.28
Instagram,Monsoon Immunity Boost,92,user_465579,MuscleBlaze Biozyme Performance Whey Protein,2024-03-17,24,79977.41
Twitter,Back to Gym Campaign,5,user_593638,ON Gold Standard 100% Whey Protein,2024-06-01,9,68299.85
Instagram,Monsoon Immunity Boost,3,user_476727,Fuel One Whey Protein Powder,2024-11-11,45,140502.1
Instagram,Protein Power Month,82,user_538628,Wellcore Creatine Monohydrate,2024-07-14,20,10578.83
Instagram,New Year Fitness Challenge,16,user_391691,TrueBasics Multivitamin,2024-08-11,17,14067.34
YouTube,Summer Body Transformation,73,user_202004,HK Vitals Fish Oil,2024-06-14,40,25233.02
YouTube,Back to Gym Campaign,87,user_630352,HK Vitals Multivitamin,2024-07-07,27,14467.08
Instagram,Festive Season Special,2,user_303149,ON Gold Standard 100% Whey Protein,2024-01-25,50,420566.91
Twitter,Protein Power Month,45,user_841228,MuscleBlaze Biozyme Performance Whey Protein,2024-09-02,28,82459.66
Instagram,Festive Season Special,54,user_108369,Fuel One Whey Protein Powder,2024-04-25,14,39132.74
YouTube,New Year Fitness Challenge,90,user_632638,TrueBasics Multivitamin,2024-08-01,11,8217.14
Instagram,Wellness Wednesday,9,user_455856,MuscleBlaze WrathX Pre Workout,2024-03-25,17,38766.38
Instagram,Festive Season Special,47,user_408662,GNC Pro Performance Power Protein,2024-03-06,12,29173.79
Instagram,New Year Fitness Challenge,24,user_989655,Fuel One Whey Protein Powder,2024-09-03,38,104263.58
Facebook,New Year Fitness Challenge,6,user_151319,Fuel One Whey Protein Powder,2024-11-13,31,99545.25
YouTube,Fitness Friday,80,user_363163,HK Vitals Vitamin C Face Serum,2024-01-11,17,10831.73
Twitter,Monsoon Immunity Boost,94,user_925870,MuscleBlaze Biozyme Performance Whey Protein,2024-03-08,20,69722.0
Instagram,Festive Season Special,55,user_238991,SteelX Protein Shaker,2024-02-07,37,21104.18
Instagram,New Year Fitness Challenge,56,user_703796,MuscleBlaze PRE Workout 200 Xtreme,2024-10-13,14,13315.58
Twitter,Wellness Wednesday,93,user_548864,ON Gold Standard 100% Whey Protein,2024-12-23,7,49190.95
Twitter,Summer Body Transformation,5,user_898116,HK Vitals Vitamin C Face Serum,2024-04-04,50,31410.55
Instagram,New Year Fitness Challenge,61,user_342302,MuscleTech NitroTech Whey Protein,2024-11-21,7,54412.54
Facebook,Monsoon Immunity Boost,95,user_843285,TrueBasics Multivitamin,2024-08-18,10,6386.29
Instagram,Fitness Friday,98,user_929896,HK Vitals Multivitamin,2024-04-26,30,16839.47
Instagram,Fitness Friday,75,user_283266,MuscleBlaze WrathX Pre Workout,2024-02-18,17,30251.16
YouTube,Wellness Wednesday,34,user_723977,MuscleBlaze WrathX Pre Workout,2024-08-18,2,3784.57
YouTube,New Year Fitness Challenge,18,user_356570,Wellcore Creatine Monohydrate,2024-07-18,4,3028.35
YouTube,Fitness Friday,51,user_583434,HK Vitals Fish Oil,2024-04-28,7,4891.26
YouTube,Protein Power Month,83,user_375204,Fuel One Whey Protein Powder,2024-12-13,4,11210.57
Facebook,Protein Power Month,64,user_907945,HK Vitals Vitamin C Face Serum,2024-05-10,14,8677.09
Instagram,Back to Gym Campaign,75,user_218768,Fuel One Whey Protein Powder,2024-05-06,16,40488.67
YouTube,Summer Body Transformation,21,user_393801,GNC Pro Performance Power Protein,2024-09-24,5,16964.83
Instagram,Back to Gym Campaign,78,user_949234,GNC Pro Performance Power Protein,2024-09-09,15,33918.79
Twitter,Protein Power Month,14,user_559847,ON Gold Standard 100% Whey Protein,2024-04-09,50,429819.37
Twitter,Back to Gym Campaign,5,user_279523,SteelX Protein Shaker,2024-10-18,7,3672.47
Twitter,Back to Gym Campaign,31,user_564781,TrueBasics Multivitamin,2024-01-04,50,37850.32
Instagram,New Year Fitness Challenge,75,user_455739,TrueBasics Multivitamin,2024-12-25,14,9437.05
Instagram,Summer Body Transformation,39,user_320478,MuscleBlaze Creatine Monohydrate,2024-05-04,50,33643.54
Twitter,Fitness Friday,14,user_854204,Wellcore Creatine Monohydrate,2024-01-02,50,36456.44
Instagram,Protein Power Month,25,user_356042,HK Vitals Multivitamin,2024-11-08,50,25792.01
YouTube,Summer Body Transformation,34,user_646190,HK Vitals Vitamin C Face Serum,2024-03-31,3,1824.36
Twitter,Festive Season Special,32,user_730937,Wellcore Creatine Monohydrate,2024-07-12,9,7053.99
Instagram,Monsoon Immunity Boost,96,user_911060,HK Vitals Fish Oil,2024-04-26,10,6536.4
Instagram,Monsoon Immunity Boost,70,user_630433,MuscleBlaze Creatine Monohydrate,2024-10-19,50,31097.51
Instagram,Back to Gym Campaign,76,user_303357,MuscleTech NitroTech Whey Protein,2024-07-24,16,102423.31
Facebook,Back to Gym Campaign,20,user_173884,MuscleBlaze WrathX Pre Workout,2024-04-25,28,45275.4
Instagram,Fitness Friday,96,user_173921,Wellcore Creatine Monohydrate,2024-03-04,12,6449.51
YouTube,New Year Fitness Challenge,67,user_636609,HK Vitals Multivitamin,2024-01-02,10,6216.69
YouTube,Summer Body Transformation,67,user_230860,GNC Pro Performance Power Protein,2024-09-16,6,21064.63
Instagram,New Year Fitness Challenge,22,user_402813,HK Vitals Skin Radiance Collagen,2024-03-09,50,52333.12
Facebook,Festive Season Special,64,user_792906,HK Vitals Fish Oil,2024-11-10,7,3997.42
Twitter,Fitness Friday,79,user_317002,HK Vitals Fish Oil,2024-03-19,14,7004.23
YouTube,Back to Gym Campaign,90,user_749069,MuscleBlaze WrathX Pre Workout,2024-01-22,21,51764.07
YouTube,Monsoon Immunity Boost,100,user_825457,ON Gold Standard 100% Whey Protein,2024-08-26,6,49780.72
Instagram,Festive Season Special,1,user_359796,MuscleBlaze PRE Workout 200 Xtreme,2024-04-17,14,14686.96
Facebook,Wellness Wednesday,64,user_549238,MuscleBlaze Biozyme Performance Whey Protein,2024-04-28,15,40854.26
Instagram,Protein Power Month,3,user_992886,HK Vitals Fish Oil,2024-03-13,50,25544.16
Instagram,Fitness Friday,2,user_651551,MuscleBlaze PRE Workout 200 Xtreme,2024-01-27,50,44155.02
Instagram,Summer Body Transformation,76,user_909879,TrueBasics Multivitamin,2024-06-26,20,13986.13
Instagram,Wellness Wednesday,48,user_645516,GNC Pro Performance Power Protein,2024-05-21,21,57982.92
Twitter,Protein Power Month,38,user_241355,MuscleBlaze WrathX Pre Workout,2024-05-14,12,19342.63
Instagram,Monsoon Immunity Boost,54,user_816808,HK Vitals Fish Oil,2024-03-21,19,11201.85
Instagram,Summer Body Transformation,54,user_100559,MuscleBlaze Biozyme Performance Whey Protein,2024-11-10,50,156938.72
YouTube,Wellness Wednesday,97,user_641872,HK Vitals Fish Oil,2024-11-22,47,25387.9
Instagram,Summer Body Transformation,84,user_790531,TrueBasics Multivitamin,2024-01-07,50,46897.29
YouTube,Protein Power Month,29,user_196679,HK Vitals Vitamin C Face Serum,2024-02-15,21,11296.46
Twitter,Wellness Wednesday,60,user_913126,HK Vitals Skin Radiance Collagen,2024-12-03,34,32174.18
YouTube,Festive Season Special,35,user_463795,GNC Pro Performance Power Protein,2024-03-07,25,69049.93
YouTube,Fitness Friday,83,user_259090,HK Vitals Fish Oil,2024-10-23,16,9153.59
YouTube,Monsoon Immunity Boost,29,user_494774,GNC Pro Performance Power Protein,2024-09-07,16,35892.9
Instagram,Protein Power Month,25,user_311098,GNC Pro Performance Power Protein,2024-04-03,36,79211.14
YouTube,Back to Gym Campaign,80,user_274125,Wellcore Creatine Monohydrate,2024-09-02,20,15443.23
YouTube,Monsoon Immunity Boost,29,user_286538,MuscleBlaze WrathX Pre Workout,2024-12-11,20,42526.71
Instagram,Summer Body Transformation,74,user_136840,TrueBasics Multivitamin,2024-09-20,13,9135.03
Instagram,New Year Fitness Challenge,2,user_381377,MuscleBlaze PRE Workout 200 Xtreme,2024-07-09,50,44451.45
Facebook,Protein Power Month,20,user_726501,Fuel One Whey Protein Powder,2024-08-30,17,51538.43
Instagram,Protein Power Month,65,user_994113,HK Vitals Skin Radiance Collagen,2024-04-21,24,26896.5
Instagram,Back to Gym Campaign,92,user_993077,MuscleBlaze Creatine Monohydrate,2024-09-19,36,25197.36
Twitter,Wellness Wednesday,31,user_265487,MuscleBlaze PRE Workout 200 Xtreme,2024-04-08,36,31755.44
YouTube,Monsoon Immunity Boost,90,user_314124,TrueBasics Multivitamin,2024-07-20,7,4919.87
Instagram,Festive Season Special,91,user_744445,GNC Pro Performance Power Protein,2024-09-13,50,136300.58
YouTube,Summer Body Transformation,90,user_171165,MuscleBlaze Creatine Monohydrate,2024-03-13,21,17983.94
Facebook,Fitness Friday,95,user_250149,TrueBasics Multivitamin,2024-04-12,26,19916.34
YouTube,Wellness Wednesday,80,user_718745,MuscleBlaze PRE Workout 200 Xtreme,2024-07-24,15,13925.0
Instagram,Summer Body Transformation,55,user_465530,ON Gold Standard 100% Whey Protein,2024-07-21,18,154666.37
YouTube,New Year Fitness Challenge,34,user_358912,MuscleBlaze Creatine Monohydrate,2024-01-19,8,6294.03
Instagram,Summer Body Transformation,92,user_533748,Fuel One Whey Protein Powder,2024-12-12,50,115213.27
Instagram,Wellness Wednesday,19,user_537208,Wellcore Creatine Monohydrate,2024-01-13,42,33361.75
YouTube,Festive Season Special,42,user_651132,MuscleBlaze Biozyme Performance Whey Protein,2024-01-21,6,18805.35
Instagram,Protein Power Month,56,user_158452,MuscleBlaze Creatine Monohydrate,2024-01-14,3,1924.65
YouTube,Summer Body Transformation,80,user_479121,GNC Pro Performance Power Protein,2024-04-04,46,143597.09
YouTube,Monsoon Immunity Boost,23,user_816985,MuscleBlaze WrathX Pre Workout,2024-05-22,7,15198.65
Instagram,Protein Power Month,52,user_781172,MuscleBlaze WrathX Pre Workout,2024-11-28,50,123184.68
Instagram,Fitness Friday,65,user_485957,TrueBasics Multivitamin,2024-05-12,10,7381.17
Instagram,Back to Gym Campaign,66,user_267430,GNC Pro Performance Power Protein,2024-03-31,29,90798.52
Twitter,Fitness Friday,94,user_122311,Fuel One Whey Protein Powder,2024-07-16,17,39972.19
YouTube,Monsoon Immunity Boost,87,user_131497,Wellcore Creatine Monohydrate,2024-09-29,19,10024.76
Instagram,Wellness Wednesday,40,user_426212,ON Gold Standard 100% Whey Protein,2024-11-17,50,379073.2
Instagram,Wellness Wednesday,11,user_137341,Fuel One Whey Protein Powder,2024-06-26,16,52636.99
Instagram,Summer Body Transformation,10,user_768009,MuscleBlaze WrathX Pre Workout,2024-06-15,13,25887.17
Instagram,Wellness Wednesday,72,user_231045,ON Gold Standard 100% Whey Protein,2024-06-06,24,188764.03
Facebook,Monsoon Immunity Boost,95,user_767740,HK Vitals Multivitamin,2024-02-18,39,23614.17
Instagram,Festive Season Special,49,user_329331,ON Gold Standard 100% Whey Protein,2024-07-10,50,429348.83
YouTube,Protein Power Month,90,user_755328,Wellcore Creatine Monohydrate,2024-10-16,17,12896.49
Instagram,Festive Season Special,47,user_821202,HK Vitals Fish Oil,2024-05-13,20,11749.47
Instagram,Protein Power Month,27,user_666671,TrueBasics Multivitamin,2024-02-10,11,8181.26
Instagram,Fitness Friday,54,user_680466,MuscleBlaze PRE Workout 200 Xtreme,2024-12-16,36,40625.47
Instagram,Monsoon Immunity Boost,39,user_795574,MuscleBlaze Biozyme Performance Whey Protein,2024-01-04,31,88894.25
Instagram,New Year Fitness Challenge,11,user_578502,HK Vitals Vitamin C Face Serum,2024-06-12,41,25080.53
Instagram,Wellness Wednesday,40,user_492440,MuscleBlaze Creatine Monohydrate,2024-08-01,50,36738.17
Instagram,Festive Season Special,3,user_935166,MuscleBlaze PRE Workout 200 Xtreme,2024-02-17,38,36965.36
YouTube,Summer Body Transformation,83,user_815900,HK Vitals Skin Radiance Collagen,2024-10-10,9,11532.62
Twitter,Festive Season Special,8,user_451702,ON Gold Standard 100% Whey Protein,2024-10-14,29,210296.16
YouTube,Festive Season Special,99,user_722195,MuscleBlaze PRE Workout 200 Xtreme,2024-09-21,50,45036.17
YouTube,Wellness Wednesday,34,user_320422,Fuel One Whey Protein Powder,2024-07-22,7,21992.85
Instagram,Monsoon Immunity Boost,33,user_170279,TrueBasics Multivitamin,2024-08-29,50,37357.84
Twitter,Festive Season Special,89,user_311322,HK Vitals Vitamin C Face Serum,2024-12-22,50,29409.98
Facebook,Festive Season Special,15,user_545646,MuscleBlaze Biozyme Performance Whey Protein,2024-10-17,44,111381.94
Twitter,Protein Power Month,14,user_700781,HK Vitals Vitamin C Face Serum,2024-11-29,5,2961.96
Twitter,Summer Body Transformation,4,user_684217,HK Vitals Multivitamin,2024-03-13,35,21499.97
Twitter,Festive Season Special,28,user_666635,MuscleBlaze WrathX Pre Workout,2024-01-27,7,10759.7
Instagram,Protein Power Month,44,user_336381,MuscleBlaze Biozyme Performance Whey Protein,2024-03-30,50,157929.67
Instagram,New Year Fitness Challenge,76,user_278785,MuscleBlaze WrathX Pre Workout,2024-12-22,16,27945.99
Instagram,Festive Season Special,91,user_479768,HK Vitals Vitamin C Face Serum,2024-11-16,50,25594.46
Instagram,Fitness Friday,62,user_419744,MuscleBlaze Creatine Monohydrate,2024-10-28,18,12804.92
Instagram,Wellness Wednesday,46,user_820153,HK Vitals Multivitamin,2024-09-04,27,13394.9
YouTube,Summer Body Transformation,42,user_333172,GNC Pro Performance Power Protein,2024-06-27,17,41629.78
Twitter,Fitness Friday,88,user_331799,Wellcore Creatine Monohydrate,2024-11-10,6,3752.2
Instagram,Wellness Wednesday,98,user_797239,MuscleBlaze PRE Workout 200 Xtreme,2024-07-29,17,19717.35
Facebook,Summer Body Transformation,20,user_181412,MuscleBlaze WrathX Pre Workout,2024-02-07,35,62839.54
Instagram,Protein Power Month,47,user_276391,MuscleBlaze Creatine Monohydrate,2024-01-15,30,22173.59
Instagram,Festive Season Special,19,user_690769,HK Vitals Vitamin C Face Serum,2024-07-10,19,9576.73
Instagram,Festive Season Special,61,user_369178,MuscleBlaze Creatine Monohydrate,2024-11-14,17,12043.32
YouTube,Protein Power Month,81,user_115602,HK Vitals Vitamin C Face Serum,2024-09-21,3,1848.39
Instagram,Wellness Wednesday,75,user_229494,HK Vitals Fish Oil,2024-10-03,6,4161.39
Instagram,Protein Power Month,43,user_884887,MuscleBlaze Creatine Monohydrate,2024-01-19,6,4682.95
Instagram,Wellness Wednesday,47,user_725356,GNC Pro Performance Power Protein,2024-01-31,15,39065.01
Instagram,Protein Power Month,41,user_999851,GNC Pro Performance Power Protein,2024-09-22,17,43669.06
Instagram,Wellness Wednesday,17,user_618052,Wellcore Creatine Monohydrate,2024-03-22,50,27461.9
Twitter,Fitness Friday,36,user_156689,HK Vitals Multivitamin,2024-10-22,25,15490.06
YouTube,Fitness Friday,100,user_179844,SteelX Protein Shaker,2024-09-06,16,4870.85
Instagram,Monsoon Immunity Boost,62,user_714237,HK Vitals Vitamin C Face Serum,2024-04-11,33,20655.39
YouTube,New Year Fitness Challenge,85,user_398795,Fuel One Whey Protein Powder,2024-11-29,39,93773.67
Instagram,Wellness Wednesday,54,user_938382,HK Vitals Fish Oil,2024-08-26,22,11337.05
Twitter,Back to Gym Campaign,88,user_836977,GNC Pro Performance Power Protein,2024-02-15,16,50728.72
Twitter,Monsoon Immunity Boost,77,user_143523,MuscleBlaze PRE Workout 200 Xtreme,2024-01-18,6,5925.81
YouTube,Wellness Wednesday,29,user_677955,Fuel One Whey Protein Powder,2024-05-05,5,14522.84
Twitter,Protein Power Month,88,user_392835,TrueBasics Multivitamin,2024-05-12,14,13197.9
YouTube,Fitness Friday,35,user_878931,MuscleBlaze WrathX Pre Workout,2024-03-06,10,23136.32
Instagram,Monsoon Immunity Boost,19,user_448611,HK Vitals Multivitamin,2024-06-11,33,14236.94
Instagram,Fitness Friday,41,user_846248,Wellcore Creatine Monohydrate,2024-04-26,14,7266.18
Instagram,New Year Fitness Challenge,78,user_146385,GNC Pro Performance Power Protein,2024-03-10,31,76522.07
Twitter,Protein Power Month,36,user_360457,SteelX Protein Shaker,2024-12-15,15,7677.7
Instagram,Summer Body Transformation,59,user_569790,Fuel One Whey Protein Powder,2024-09-09,42,110036.84
YouTube,New Year Fitness Challenge,87,user_215413,MuscleBlaze WrathX Pre Workout,2024-04-16,47,75792.78
Instagram,Festive Season Special,39,user_872295,GNC Pro Performance Power Protein,2024-12-28,26,79328.87
Instagram,Summer Body Transformation,19,user_988834,GNC Pro Performance Power Protein,2024-10-16,27,75499.32
Facebook,Back to Gym Campaign,15,user_255041,TrueBasics Multivitamin,2024-03-18,18,16670.96
Facebook,Festive Season Special,20,user_298247,TrueBasics Multivitamin,2024-02-25,25,24360.73
YouTube,New Year Fitness Challenge,53,user_116196,MuscleBlaze Creatine Monohydrate,2024-07-28,12,9811.56
Instagram,New Year Fitness Challenge,41,user_888442,HK Vitals Vitamin C Face Serum,2024-05-02,10,6264.05
YouTube,New Year Fitness Challenge,99,user_415283,GNC Pro Performance Power Protein,2024-05-18,50,128532.18
Instagram,Monsoon Immunity Boost,40,user_518759,ON Gold Standard 100% Whey Protein,2024-08-11,32,274241.31
Instagram,Wellness Wednesday,3,user_367158,HK Vitals Vitamin C Face Serum,2024-04-23,27,13656.05
YouTube,New Year Fitness Challenge,53,user_584906,ON Gold Standard 100% Whey Protein,2024-01-19,24,169656.62
Instagram,Back to Gym Campaign,17,user_868112,HK Vitals Skin Radiance Collagen,2024-08-30,50,46843.57
Instagram,Protein Power Month,41,user_380435,MuscleBlaze Creatine Monohydrate,2024-01-04,20,16454.13
Twitter,Wellness Wednesday,38,user_977904,TrueBasics Multivitamin,2024-12-08,17,10259.95
Instagram,Fitness Friday,63,user_593416,HK Vitals Skin Radiance Collagen,2024-06-15,40,41735.51
Instagram,Summer Body Transformation,82,user_374996,MuscleBlaze Creatine Monohydrate,2024-05-02,46,27685.95
YouTube,Summer Body Transformation,18,user_705137,ON Gold Standard 100% Whey Protein,2024-08-28,6,42832.32
Instagram,Wellness Wednesday,43,user_499718,HK Vitals Multivitamin,2024-08-17,14,10171.89
Facebook,Monsoon Immunity Boost,64,user_423774,TrueBasics Multivitamin,2024-05-06,16,12154.28
YouTube,Fitness Friday,51,user_248752,Fuel One Whey Protein Powder,2024-11-16,9,21866.11
YouTube,Back to Gym Campaign,51,user_146806,HK Vitals Multivitamin,2024-12-20,14,5853.74
YouTube,Monsoon Immunity Boost,97,user_947261,MuscleTech NitroTech Whey Protein,2024-10-03,22,135496.08
Twitter,Festive Season Special,93,user_348771,TrueBasics Multivitamin,2024-04-05,8,6417.69
Instagram,Back to Gym Campaign,33,user_653214,Fuel One Whey Protein Powder,2024-12-16,50,143518.02
YouTube,Protein Power Month,85,user_672921,MuscleTech NitroTech Whey Protein,2024-04-17,16,119393.46
YouTube,New Year Fitness Challenge,51,user_678250,MuscleBlaze WrathX Pre Workout,2024-09-28,4,9836.27
Facebook,Wellness Wednesday,6,user_260903,HK Vitals Skin Radiance Collagen,2024-09-13,11,10843.96
Instagram,Back to Gym Campaign,10,user_745131,Fuel One Whey Protein Powder,2024-12-24,11,27157.3
YouTube,Monsoon Immunity Boost,100,user_248724,MuscleTech NitroTech Whey Protein,2024-01-02,36,224287.0
Instagram,Festive Season Special,3,user_214699,HK Vitals Multivitamin,2024-04-23,15,6423.82
Instagram,Protein Power Month,16,user_423680,SteelX Protein Shaker,2024-11-10,20,10859.61
Facebook,Festive Season Special,15,user_254414,HK Vitals Vitamin C Face Serum,2024-01-16,8,4155.45
Instagram,Back to Gym Campaign,47,user_310680,Fuel One Whey Protein Powder,2024-08-25,27,83236.79
Twitter,Back to Gym Campaign,28,user_773031,HK Vitals Skin Radiance Collagen,2024-05-15,12,13173.84
Twitter,Wellness Wednesday,89,user_753435,MuscleBlaze Creatine Monohydrate,2024-03-21,15,11352.79
Instagram,Festive Season Special,16,user_753827,HK Vitals Multivitamin,2024-09-19,47,33610.47
Instagram,Wellness Wednesday,41,user_696233,TrueBasics Multivitamin,2024-04-12,19,13273.75
Instagram,Wellness Wednesday,3,user_547519,TrueBasics Multivitamin,2024-12-23,50,36424.39
Instagram,Monsoon Immunity Boost,76,user_417594,MuscleBlaze WrathX Pre Workout,2024-02-11,23,39533.03
YouTube,New Year Fitness Challenge,29,user_287613,MuscleBlaze Creatine Monohydrate,2024-09-17,12,7996.64
Instagram,Festive Season Special,3,user_712177,MuscleBlaze WrathX Pre Workout,2024-07-25,50,81980.6
YouTube,Festive Season Special,97,user_668211,ON Gold Standard 100% Whey Protein,2024-01-19,50,444198.99
Twitter,Protein Power Month,36,user_140271,TrueBasics Multivitamin,2024-10-13,8,5550.57
Instagram,Back to Gym Campaign,96,user_584798,MuscleBlaze PRE Workout 200 Xtreme,2024-05-21,41,35036.52
Instagram,Back to Gym Campaign,11,user_188737,Fuel One Whey Protein Powder,2024-11-05,19,45051.11
Instagram,New Year Fitness Challenge,17,user_192968,SteelX Protein Shaker,2024-01-26,31,11130.62
Instagram,New Year Fitness Challenge,30,user_730500,MuscleBlaze Creatine Monohydrate,2024-10-03,50,36298.51
Instagram,Back to Gym Campaign,49,user_824346,HK Vitals Fish Oil,2024-09-18,43,30073.88
Instagram,Festive Season Special,91,user_951284,MuscleTech NitroTech Whey Protein,2024-02-09,50,310158.16
YouTube,New Year Fitness Challenge,100,user_344595,MuscleBlaze Creatine Monohydrate,2024-05-28,5,3806.39
Instagram,New Year Fitness Challenge,86,user_771662,GNC Pro Performance Power Protein,2024-02-08,23,73117.33
Instagram,Monsoon Immunity Boost,70,user_794929,HK Vitals Fish Oil,2024-08-09,38,20107.68
Instagram,New Year Fitness Challenge,47,user_855467,MuscleBlaze PRE Workout 200 Xtreme,2024-08-10,8,6617.77
Instagram,Back to Gym Campaign,98,user_863414,MuscleBlaze WrathX Pre Workout,2024-04-10,5,11024.64
Instagram,Fitness Friday,44,user_480130,Wellcore Creatine Monohydrate,2024-07-03,31,18057.08
Instagram,New Year Fitness Challenge,48,user_158337,MuscleTech NitroTech Whey Protein,2024-07-22,30,205745.62
Twitter,Back to Gym Campaign,38,user_472024,ON Gold Standard 100% Whey Protein,2024-09-19,16,115248.79
Instagram,Fitness Friday,91,user_170551,Fuel One Whey Protein Powder,2024-05-02,50,125100.42
Facebook,Summer Body Transformation,20,user_684526,SteelX Protein Shaker,2024-07-25,27,12540.17
YouTube,Protein Power Month,99,user_691173,Wellcore Creatine Monohydrate,2024-12-08,50,25643.6
YouTube,Fitness Friday,87,user_133886,HK Vitals Multivitamin,2024-06-26,50,29368.62
Twitter,Protein Power Month,93,user_203084,ON Gold Standard 100% Whey Protein,2024-09-17,3,23740.93
Instagram,Protein Power Month,16,user_768596,HK Vitals Fish Oil,2024-12-13,12,6099.2
Facebook,Summer Body Transformation,15,user_996208,TrueBasics Multivitamin,2024-08-06,23,19678.74
YouTube,Wellness Wednesday,18,user_523310,MuscleTech NitroTech Whey Protein,2024-11-09,3,19959.95
Twitter,Fitness Friday,88,user_767785,HK Vitals Fish Oil,2024-02-09,8,4531.92
Twitter,Summer Body Transformation,4,user_798705,Fuel One Whey Protein Powder,2024-12-10,8,23070.8
Facebook,Protein Power Month,64,user_728234,HK Vitals Skin Radiance Collagen,2024-11-09,10,13995.6
YouTube,Wellness Wednesday,69,user_891698,MuscleBlaze Creatine Monohydrate,2024-12-04,14,9743.99
Instagram,Festive Season Special,33,user_873793,SteelX Protein Shaker,2024-05-13,50,26040.53
Instagram,Festive Season Special,9,user_641703,ON Gold Standard 100% Whey Protein,2024-07-01,47,389548.65
YouTube,Monsoon Immunity Boost,29,user_758257,SteelX Protein Shaker,2024-04-09,32,11390.04
Instagram,Wellness Wednesday,44,user_955584,MuscleBlaze Biozyme Performance Whey Protein,2024-08-23,26,68473.02
YouTube,Wellness Wednesday,100,user_651366,HK Vitals Fish Oil,2024-02-04,28,14260.73
YouTube,Back to Gym Campaign,99,user_477542,HK Vitals Vitamin C Face Serum,2024-05-13,50,31937.96
Instagram,Back to Gym Campaign,76,user_126912,SteelX Protein Shaker,2024-09-02,32,13075.18
Instagram,Monsoon Immunity Boost,24,user_230497,MuscleBlaze WrathX Pre Workout,2024-10-12,26,54841.5
Instagram,Festive Season Special,47,user_485119,Wellcore Creatine Monohydrate,2024-02-03,11,6622.15
Twitter,Protein Power Month,60,user_179843,SteelX Protein Shaker,2024-01-16,37,14121.16
Instagram,Back to Gym Campaign,55,user_143704,ON Gold Standard 100% Whey Protein,2024-08-15,45,379826.07
Instagram,Wellness Wednesday,16,user_932560,GNC Pro Performance Power Protein,2024-05-03,38,96379.4
Instagram,Festive Season Special,12,user_198392,HK Vitals Skin Radiance Collagen,2024-04-01,14,15146.32
Instagram,Wellness Wednesday,91,user_270018,HK Vitals Vitamin C Face Serum,2024-05-11,50,28201.54
Instagram,Fitness Friday,61,user_385729,HK Vitals Skin Radiance Collagen,2024-05-02,30,41319.72
YouTube,Summer Body Transformation,100,user_287348,TrueBasics Multivitamin,2024-06-05,10,8790.8
Instagram,Festive Season Special,61,user_924801,Fuel One Whey Protein Powder,2024-11-19,28,83776.47
Twitter,Fitness Friday,5,user_548366,HK Vitals Skin Radiance Collagen,2024-11-06,20,20555.68
Instagram,Protein Power Month,55,user_727707,SteelX Protein Shaker,2024-11-04,50,19224.45
Instagram,Monsoon Immunity Boost,98,user_951942,GNC Pro Performance Power Protein,2024-07-26,22,48845.27
Instagram,Back to Gym Campaign,70,user_539068,MuscleBlaze Creatine Monohydrate,2024-04-05,21,16339.83
Instagram,Monsoon Immunity Boost,43,user_591768,MuscleBlaze Biozyme Performance Whey Protein,2024-11-17,5,15963.69
YouTube,Wellness Wednesday,81,user_382140,MuscleBlaze PRE Workout 200 Xtreme,2024-06-03,7,6984.57
YouTube,Wellness Wednesday,81,user_519776,MuscleTech NitroTech Whey Protein,2024-09-12,3,22904.58
Facebook,Summer Body Transformation,57,user_233927,HK Vitals Skin Radiance Collagen,2024-03-13,7,7638.36
YouTube,Festive Season Special,58,user_432014,Fuel One Whey Protein Powder,2024-07-16,4,11707.43
Twitter,Fitness Friday,93,user_419071,MuscleBlaze Biozyme Performance Whey Protein,2024-08-04,2,5324.62
Instagram,Wellness Wednesday,54,user_363704,Fuel One Whey Protein Powder,2024-10-11,14,32235.61
YouTube,Protein Power Month,23,user_185734,TrueBasics Multivitamin,2024-10-10,4,2762.15
Instagram,Wellness Wednesday,62,user_809932,MuscleTech NitroTech Whey Protein,2024-08-18,18,100268.66
Instagram,Fitness Friday,78,user_834815,GNC Pro Performance Power Protein,2024-04-16,7,24890.03
Instagram,Wellness Wednesday,24,user_788470,HK Vitals Skin Radiance Collagen,2024-07-24,46,62323.13
Instagram,Summer Body Transformation,41,user_190819,MuscleBlaze WrathX Pre Workout,2024-11-22,50,92114.48
Instagram,Monsoon Immunity Boost,56,user_453685,MuscleBlaze PRE Workout 200 Xtreme,2024-05-15,11,10491.41
Instagram,Festive Season Special,40,user_543355,Fuel One Whey Protein Powder,2024-02-27,50,122898.08
Instagram,Back to Gym Campaign,26,user_465808,ON Gold Standard 100% Whey Protein,2024-07-06,20,154414.08
Twitter,Monsoon Immunity Boost,89,user_966131,SteelX Protein Shaker,2024-12-08,15,8150.64
YouTube,Festive Season Special,58,user_525598,HK Vitals Fish Oil,2024-10-23,6,3010.62
Instagram,Summer Body Transformation,13,user_659464,HK Vitals Skin Radiance Collagen,2024-03-21,21,20461.91
Instagram,New Year Fitness Challenge,84,user_837313,HK Vitals Fish Oil,2024-05-25,50,31373.32
YouTube,Fitness Friday,21,user_696816,ON Gold Standard 100% Whey Protein,2024-01-07,8,66359.44
Instagram,Fitness Friday,9,user_782752,HK Vitals Skin Radiance Collagen,2024-03-07,17,19260.14
Instagram,Wellness Wednesday,2,user_573325,Fuel One Whey Protein Powder,2024-07-16,50,151174.12
YouTube,Festive Season Special,29,user_558354,MuscleTech NitroTech Whey Protein,2024-07-25,29,180553.94
YouTube,New Year Fitness Challenge,29,user_103694,HK Vitals Fish Oil,2024-12-07,13,6883.67
YouTube,Back to Gym Campaign,51,user_227028,TrueBasics Multivitamin,2024-12-06,10,7503.73
YouTube,Back to Gym Campaign,7,user_855687,HK Vitals Skin Radiance Collagen,2024-12-22,16,16028.65
Instagram,Back to Gym Campaign,9,user_202153,MuscleBlaze PRE Workout 200 Xtreme,2024-08-09,17,15821.31
Instagram,Monsoon Immunity Boost,16,user_984752,SteelX Protein Shaker,2024-09-20,48,18243.93
Instagram,Monsoon Immunity Boost,27,user_372436,Fuel One Whey Protein Powder,2024-11-13,7,19538.74
Instagram,Fitness Friday,25,user_846646,GNC Pro Performance Power Protein,2024-07-09,49,146042.59
Twitter,Festive Season Special,5,user_481794,GNC Pro Performance Power Protein,2024-10-30,31,107052.14
YouTube,Monsoon Immunity Boost,42,user_239315,HK Vitals Fish Oil,2024-02-16,12,7591.82
Instagram,Monsoon Immunity Boost,17,user_479070,Fuel One Whey Protein Powder,2024-03-01,50,120392.13
YouTube,Wellness Wednesday,67,user_384834,MuscleBlaze WrathX Pre Workout,2024-08-24,6,13742.82
Twitter,Wellness Wednesday,8,user_576215,HK Vitals Skin Radiance Collagen,2024-07-18,37,45880.32
Instagram,New Year Fitness Challenge,92,user_824852,ON Gold Standard 100% Whey Protein,2024-11-12,13,106266.12
Instagram,Monsoon Immunity Boost,98,user_904467,ON Gold Standard 100% Whey Protein,2024-11-07,28,216615.07
Instagram,Summer Body Transformation,25,user_975618,MuscleBlaze PRE Workout 200 Xtreme,2024-05-29,29,30687.82
Facebook,Monsoon Immunity Boost,15,user_704782,MuscleBlaze Creatine Monohydrate,2024-09-30,29,21627.47
Instagram,New Year Fitness Challenge,9,user_615190,MuscleBlaze Biozyme Performance Whey Protein,2024-07-28,28,74640.7
Twitter,Summer Body Transformation,93,user_800960,MuscleBlaze PRE Workout 200 Xtreme,2024-07-09,14,13468.95
Twitter,Fitness Friday,79,user_971107,MuscleTech NitroTech Whey Protein,2024-07-15,43,334909.4
Instagram,Wellness Wednesday,66,user_882896,ON Gold Standard 100% Whey Protein,2024-07-19,41,307691.39
Instagram,Back to Gym Campaign,71,user_555400,HK Vitals Fish Oil,2024-03-19,15,9443.48
YouTube,Wellness Wednesday,80,user_416819,SteelX Protein Shaker,2024-05-20,10,3377.8
Instagram,Summer Body Transformation,44,user_624008,Wellcore Creatine Monohydrate,2024-02-20,32,21861.7
Instagram,Wellness Wednesday,62,user_518939,Wellcore Creatine Monohydrate,2024-09-03,22,15429.35
Instagram,Monsoon Immunity Boost,16,user_612908,TrueBasics Multivitamin,2024-06-22,50,48611.46
Instagram,Monsoon Immunity Boost,72,user_109753,Wellcore Creatine Monohydrate,2024-07-17,44,30293.13
Twitter,Back to Gym Campaign,14,user_399932,GNC Pro Performance Power Protein,2024-04-04,50,115592.83
YouTube,Summer Body Transformation,81,user_966855,MuscleBlaze Creatine Monohydrate,2024-07-31,5,3130.5
Instagram,Back to Gym Campaign,47,user_553313,SteelX Protein Shaker,2024-09-02,13,7691.0
Instagram,Monsoon Immunity Boost,84,user_168333,MuscleBlaze PRE Workout 200 Xtreme,2024-03-28,50,46830.43
Instagram,Fitness Friday,66,user_956648,MuscleBlaze Creatine Monohydrate,2024-01-01,50,42023.5
Twitter,Monsoon Immunity Boost,38,user_758833,Fuel One Whey Protein Powder,2024-02-09,6,18511.34
Instagram,Monsoon Immunity Boost,47,user_338330,MuscleBlaze Creatine Monohydrate,2024-01-11,22,16682.67
Instagram,Wellness Wednesday,11,user_259558,ON Gold Standard 100% Whey Protein,2024-06-08,46,391204.01
Instagram,Protein Power Month,10,user_896496,Wellcore Creatine Monohydrate,2024-07-14,8,6049.43
Twitter,New Year Fitness Challenge,32,user_233994,MuscleTech NitroTech Whey Protein,2024-11-06,13,80912.3
Instagram,Back to Gym Campaign,19,user_555733,HK Vitals Multivitamin,2024-10-02,8,6104.03
Instagram,Festive Season Special,76,user_900583,SteelX Protein Shaker,2024-10-30,28,15405.9
Twitter,Fitness Friday,4,user_763304,HK Vitals Multivitamin,2024-04-10,6,4022.48
Facebook,Protein Power Month,20,user_607959,HK Vitals Multivitamin,2024-12-17,22,16506.55
YouTube,Back to Gym Campaign,100,user_484777,Fuel One Whey Protein Powder,2024-11-13,9,24661.83
YouTube,New Year Fitness Challenge,90,user_757626,Wellcore Creatine Monohydrate,2024-01-17,9,6172.94
Twitter,Monsoon Immunity Boost,45,user_946586,MuscleTech NitroTech Whey Protein,2024-06-19,23,166836.16
Instagram,Fitness Friday,16,user_125273,HK Vitals Vitamin C Face Serum,2024-06-02,18,10925.67
Twitter,Protein Power Month,50,user_754271,GNC Pro Performance Power Protein,2024-10-20,5,15019.51
YouTube,Monsoon Immunity Boost,21,user_714514,GNC Pro Performance Power Protein,2024-02-25,14,33156.96
Twitter,Protein Power Month,38,user_247842,MuscleBlaze Creatine Monohydrate,2024-02-12,18,11989.49
Instagram,New Year Fitness Challenge,72,user_474654,HK Vitals Fish Oil,2024-11-03,14,7657.88
Instagram,Fitness Friday,10,user_500988,HK Vitals Skin Radiance Collagen,2024-04-01,7,6749.65
Instagram,Back to Gym Campaign,62,user_698084,TrueBasics Multivitamin,2024-06-03,27,26583.13
Instagram,Monsoon Immunity Boost,76,user_106651,HK Vitals Skin Radiance Collagen,2024-11-15,32,35607.4
YouTube,New Year Fitness Challenge,21,user_444441,MuscleBlaze Creatine Monohydrate,2024-04-04,10,7127.31
Twitter,Fitness Friday,88,user_107909,MuscleTech NitroTech Whey Protein,2024-04-08,16,101812.85
Twitter,Protein Power Month,36,user_965855,TrueBasics Multivitamin,2024-10-08,9,5868.7
Instagram,Monsoon Immunity Boost,68,user_627671,MuscleTech NitroTech Whey Protein,2024-06-03,22,128770.5
Twitter,Summer Body Transformation,38,user_755849,HK Vitals Vitamin C Face Serum,2024-12-12,7,3543.39
YouTube,Fitness Friday,83,user_536470,HK Vitals Vitamin C Face Serum,2024-11-28,18,9184.31
Twitter,Protein Power Month,36,user_828307,Fuel One Whey Protein Powder,2024-10-28,24,66914.14
YouTube,Festive Season Special,7,user_528480,Wellcore Creatine Monohydrate,2024-06-21,18,9128.88
Instagram,Protein Power Month,52,user_665224,HK Vitals Multivitamin,2024-01-16,45,18594.38
Instagram,Fitness Friday,26,user_466047,MuscleBlaze Creatine Monohydrate,2024-05-01,8,6803.13
Instagram,Monsoon Immunity Boost,56,user_968584,HK Vitals Fish Oil,2024-07-11,9,5193.14
Instagram,Monsoon Immunity Boost,86,user_419825,SteelX Protein Shaker,2024-12-16,23,8522.78
Instagram,Fitness Friday,30,user_867661,MuscleBlaze PRE Workout 200 Xtreme,2024-03-31,49,54525.37
Instagram,New Year Fitness Challenge,25,user_176547,MuscleTech NitroTech Whey Protein,2024-05-22,50,279060.34
Facebook,Fitness Friday,95,user_849358,HK Vitals Multivitamin,2024-11-15,18,8167.83
Twitter,Protein Power Month,36,user_610289,MuscleTech NitroTech Whey Protein,2024-06-27,25,172293.54
Instagram,Festive Season Special,2,user_842349,GNC Pro Performance Power Protein,2024-10-21,50,162714.3
Twitter,Festive Season Special,28,user_698021,SteelX Protein Shaker,2024-07-22,37,21802.51
Instagram,Festive Season Special,92,user_275420,Fuel One Whey Protein Powder,2024-12-04,25,79644.29
Instagram,Back to Gym Campaign,13,user_644433,MuscleBlaze PRE Workout 200 Xtreme,2024-06-03,10,11564.41
Instagram,Wellness Wednesday,44,user_243842,HK Vitals Skin Radiance Collagen,2024-09-21,50,68117.07
Instagram,Festive Season Special,13,user_736214,TrueBasics Multivitamin,2024-11-25,19,16500.64
Instagram,Protein Power Month,44,user_438698,SteelX Protein Shaker,2024-10-16,31,17742.28
Instagram,Fitness Friday,49,user_511809,ON Gold Standard 100% Whey Protein,2024-05-07,50,373005.74
Instagram,Wellness Wednesday,54,user_879228,MuscleBlaze Biozyme Performance Whey Protein,2024-04-13,50,133657.47
Instagram,Back to Gym Campaign,26,user_994676,MuscleBlaze Biozyme Performance Whey Protein,2024-08-14,13,41604.97
YouTube,Festive Season Special,100,user_271307,TrueBasics Multivitamin,2024-11-24,31,26281.34
Instagram,Protein Power Month,46,user_799287,MuscleBlaze Biozyme Performance Whey Protein,2024-12-02,10,26534.03
Instagram,Fitness Friday,30,user_393638,HK Vitals Multivitamin,2024-06-24,22,9622.37
Twitter,Protein Power Month,8,user_113115,MuscleBlaze Creatine Monohydrate,2024-05-20,18,13412.58
Instagram,New Year Fitness Challenge,39,user_200055,MuscleTech NitroTech Whey Protein,2024-07-07,38,282286.11
Instagram,Back to Gym Campaign,75,user_937887,TrueBasics Multivitamin,2024-01-16,20,18707.07
YouTube,Wellness Wednesday,87,user_173747,ON Gold Standard 100% Whey Protein,2024-06-14,30,266422.62
Instagram,Protein Power Month,84,user_928977,MuscleBlaze PRE Workout 200 Xtreme,2024-04-10,50,54909.07
YouTube,New Year Fitness Challenge,42,user_354116,MuscleBlaze PRE Workout 200 Xtreme,2024-10-03,11,9152.88
YouTube,Monsoon Immunity Boost,53,user_825804,TrueBasics Multivitamin,2024-03-17,18,11068.27
Instagram,Summer Body Transformation,49,user_280110,HK Vitals Skin Radiance Collagen,2024-08-16,50,49123.04
Twitter,Festive Season Special,8,user_652778,Fuel One Whey Protein Powder,2024-03-16,19,55264.55
Instagram,New Year Fitness Challenge,74,user_108009,HK Vitals Fish Oil,2024-03-26,31,21574.95
YouTube,Protein Power Month,99,user_264045,HK Vitals Multivitamin,2024-07-16,50,37329.15
Instagram,Back to Gym Campaign,46,user_381520,TrueBasics Multivitamin,2024-10-07,24,20757.24
Facebook,Summer Body Transformation,95,user_357151,Fuel One Whey Protein Powder,2024-04-17,9,20582.46
Instagram,Monsoon Immunity Boost,61,user_165633,MuscleBlaze Creatine Monohydrate,2024-10-19,26,15736.99
Twitter,Summer Body Transformation,36,user_321678,MuscleBlaze Creatine Monohydrate,2024-02-28,4,3588.62
YouTube,Summer Body Transformation,97,user_603609,HK Vitals Fish Oil,2024-09-01,45,27248.74
Facebook,Festive Season Special,15,user_772092,HK Vitals Vitamin C Face Serum,2024-08-03,24,13180.8
Instagram,Fitness Friday,75,user_792379,MuscleBlaze Creatine Monohydrate,2024-12-30,12,10326.82
YouTube,New Year Fitness Challenge,100,user_937508,ON Gold Standard 100% Whey Protein,2024-02-20,14,112559.3
Twitter,Festive Season Special,31,user_945496,MuscleBlaze WrathX Pre Workout,2024-12-11,49,108837.98
Instagram,Monsoon Immunity Boost,91,user_941736,MuscleBlaze WrathX Pre Workout,2024-11-01,50,87793.26
Twitter,Protein Power Month,79,user_955111,MuscleBlaze Biozyme Performance Whey Protein,2024-11-30,18,56712.11
Facebook,Back to Gym Campaign,57,user_437497,Fuel One Whey Protein Powder,2024-03-05,19,60747.06
YouTube,Wellness Wednesday,97,user_494272,HK Vitals Multivitamin,2024-04-24,46,24552.89
Instagram,Wellness Wednesday,96,user_415366,SteelX Protein Shaker,2024-05-12,43,14291.29
Instagram,Back to Gym Campaign,49,user_407560,MuscleBlaze PRE Workout 200 Xtreme,2024-07-14,46,54136.83
Instagram,Summer Body Transformation,74,user_861223,MuscleBlaze Biozyme Performance Whey Protein,2024-06-28,41,120697.97
Twitter,Back to Gym Campaign,60,user_123345,MuscleBlaze WrathX Pre Workout,2024-09-29,44,82583.43
Instagram,Back to Gym Campaign,48,user_647378,SteelX Protein Shaker,2024-11-30,14,8066.99
Instagram,Wellness Wednesday,43,user_732799,HK Vitals Fish Oil,2024-07-10,7,4429.14
Instagram,New Year Fitness Challenge,25,user_572221,ON Gold Standard 100% Whey Protein,2024-06-04,49,409738.66
Instagram,Festive Season Special,41,user_575005,ON Gold Standard 100% Whey Protein,2024-06-26,31,227546.54
YouTube,Protein Power Month,80,user_294878,GNC Pro Performance Power Protein,2024-03-19,9,32109.14
Instagram,Fitness Friday,26,user_259374,HK Vitals Skin Radiance Collagen,2024-03-01,7,8866.99
Facebook,Fitness Friday,95,user_521887,Wellcore Creatine Monohydrate,2024-01-23,11,6697.25
Instagram,Summer Body Transformation,37,user_213154,SteelX Protein Shaker,2024-12-24,50,25751.14
Twitter,Monsoon Immunity Boost,94,user_831564,TrueBasics Multivitamin,2024-03-29,26,22573.99
Twitter,Back to Gym Campaign,5,user_933401,Wellcore Creatine Monohydrate,2024-09-20,22,11815.07
Instagram,New Year Fitness Challenge,48,user_360034,TrueBasics Multivitamin,2024-01-22,18,15424.3
Twitter,Back to Gym Campaign,89,user_253108,HK Vitals Skin Radiance Collagen,2024-08-19,7,6635.57
Facebook,Back to Gym Campaign,64,user_173506,HK Vitals Skin Radiance Collagen,2024-03-20,10,12902.12
Instagram,Monsoon Immunity Boost,1,user_267917,GNC Pro Performance Power Protein,2024-07-01,10,29889.22
Twitter,Fitness Friday,79,user_114209,MuscleBlaze PRE Workout 200 Xtreme,2024-12-23,14,15343.24
YouTube,Fitness Friday,67,user_367630,MuscleBlaze Creatine Monohydrate,2024-05-11,21,15034.91
YouTube,New Year Fitness Challenge,35,user_680017,SteelX Protein Shaker,2024-05-02,4,2312.5
Instagram,Monsoon Immunity Boost,66,user_909141,HK Vitals Multivitamin,2024-06-16,50,39964.53
YouTube,Festive Season Special,67,user_603292,HK Vitals Fish Oil,2024-11-07,13,8092.68
Instagram,Protein Power Month,11,user_578123,HK Vitals Skin Radiance Collagen,2024-02-24,17,23650.17
Instagram,Fitness Friday,82,user_426584,MuscleTech NitroTech Whey Protein,2024-03-29,18,105496.91
